gene_symbol,chrom,grna,avg_log2_fold_change,group
COPS5,chr1,CTGTGTACTAACATCAATCC,-5.684288119613262,3
COPS5,chr1,GCCTTGAGAATGCAATCGGT,-4.815355811312738,3
COPS5,chr1,TTGATGCTCGGGAAAGTCGA,-4.041235755648521,3
COPS5,chr1,TAGTCCAGGGTTTCGCCGCC,-0.0025279739924969347,1
COPS5,chr1,AAATCCTGGCGGCGAAACCC,-0.5516437245189435,1
TERF1,chr1,CTCGGAGCGGCCGTCACGGA,-2.236137513523351,1
TERF1,chr1,AGTCCTCGGAGCGGCCGTCA,-3.2408650800666114,2
TERF1,chr1,TACGACGAAAGTCCTCGGAG,-2.414107628700183,1
TERF1,chr1,CGTACTCGTGACAGCGCCGA,-3.0141834802828833,2
PRIM2,chr1,CTCACGACTGGCAGTACGCG,-3.09763396482543,2
PRIM2,chr1,ACTGGCAGTACGCGAGGCGT,-3.7685020657087196,2
PRIM2,chr1,AAACTTGAGCTTTCGAATCT,-0.8090603378669929,1
IMP4,chr1,TGTAGATGATGAATATCGAT,-4.505777455858672,3
IMP4,chr1,CCCAGCGCATGAACCGAGGT,-3.3615368520602167,2
IMP4,chr1,CAACAGGTCGGTGACCCCGT,-3.62582142218925,2
PSMD1,chr1,GGGCTGCAAACTGCCGACTT,-3.886351059201048,3
PSMD1,chr1,AAAGCCAATTGACCAGCGAT,-2.4741001967503076,1
PSMD1,chr1,CACAAGTATAAGCAAGCGAT,-3.480110572334402,2
PSMD1,chr1,TGTGCCTGGATCTACCAATA,0.24571632749370703,1
PSMD1,chr1,CTAGGCACACTCACCGCATC,-3.088085868152671,2
HJURP,chr1,ACAATCAGCGATTTGTATGA,0.6430529392030351,1
HJURP,chr1,CGGTGCGGATACGAGCTTAG,0.7521320541516087,1
HJURP,chr1,CGTACCCTGGGGCGTCTCGT,-3.9233686260897596,3
HJURP,chr1,CTTTGAGGACGACCCGTTGG,-4.2691668555000755,3
HJURP,chr1,GCCCTTTGAGGACGACCCGT,-3.89488148818483,3
DDX18,chr1,AAAAGAGCATGGTTTGCCTA,-3.7294923252537915,2
DDX18,chr1,GCGGCTGCGAAAACCGGCAG,-2.8312364956193563,1
DDX18,chr1,CTTCTGGCGGCTGCGAAAAC,-3.2850568539483387,2
DDX18,chr1,AATGGGCTTCAAGCGCATGA,-0.7401031166631268,1
MCM6,chr1,GGGAAGGAACCTCTCTTCGT,-3.8109450188497136,2
MCM6,chr1,ACTGGATTTCGGCAGATATT,0.517104179789966,1
MCM6,chr1,GGGCTGCTCACCCGAATCAG,-3.788627814262903,2
MCM6,chr1,TTCAAGGCTCGACACAGGTA,-3.7354242789651195,2
SNRPE,chr1,ACTGCTAGTTGGAAACACTT,1.1291105467755524,1
SNRPE,chr1,CTTCTGCATCATCTAATACG,-3.557289977492198,2
SNRPE,chr1,GCCCTGGCCGCGGTACGCCA,-2.126872973531413,1
SNRPE,chr1,ACTTCCACCATGGCGTACCG,-3.9710441242352,3
UBE2T,chr1,GGAGTTAGAAATCGGACCTG,-2.9750915470220676,2
UBE2T,chr1,TCATTTGTATATAGGGTGCA,-0.41338777129341653,1
UBE2T,chr1,TGCCATGAGCAGCTGAATAG,-3.3339138340228986,2
PFDN2,chr1,GACCCGCAAGTGCTACCGCA,-2.745122718343367,1
PFDN2,chr1,CGCAAGTGCTACCGCATGGT,-2.1246722443365074,1
PFDN2,chr1,AAGTGCTACCGCATGGTTGG,-4.215551200141878,3
EPRS,chr1,CTCTAGTCCACGTTAAACGC,-2.4665694854170406,1
EPRS,chr1,AAAATTGTTCATCTCGGTCG,-4.391203826995125,3
EPRS,chr1,CCACGGTTTCCTACAGTTCG,-4.052837893476336,3
RRP15,chr1,ACCTTCAGAGGATTGCGACA,-3.918607122184348,3
RRP15,chr1,TGCTGGGACCAATTCAGGCT,-2.8047603599690856,1
SF3B5,chr10,TGTAGGAGCAGTAGGAGTCG,-3.143238553064949,2
SF3B5,chr10,GAGGTCGAAGTGGCCCATGT,-4.226350954474761,3
SF3B5,chr10,AGTAGTTGAGGAGGTCGAAG,-3.6252945942907537,2
SF3B5,chr10,CGGCAATGGCGAAGTAGTTG,-4.678343003306591,3
RPS12,chr10,CTGAGACACGTACTTGTCTA,-3.8877871934940655,3
RPS12,chr10,TCACCGCCATGGCCGAGGAA,-2.5061277210464636,1
RPF2,chr10,GGTGCACTTACTTATAGCTT,-4.156963020378932,3
RPF2,chr10,GCCCCACAGTATCGAACGTC,-3.178273191313332,2
RPF2,chr10,ATAGACTAGTAAGTGCCCCG,-3.087556055501781,2
RANBP2,chr10,CTGACTGGCTAAGGCGATCG,-3.801011664888078,2
RANBP2,chr10,TTACTACTTACAGCGCCTTT,0.12134635094894218,1
RANBP2,chr10,TGTGAGCCCTGATATCCGTC,-4.401203765683494,3
DDX21,chr10,CAGTTGAACGAATGCGGAGT,-4.631185480121275,3
DDX21,chr10,ACAGTTGAACGAATGCGGAG,-3.9922326987688805,3
DDX21,chr10,TTTTTACAGTTGAACGAATG,0.3424816878218352,1
DDX21,chr10,GAGTTGGATTTCGGTTCAGA,-0.8171355331465804,1
DNA2,chr10,GGAGAAGCGCTTGCACGTCA,-3.892840678269377,3
DNA2,chr10,TGTCCTGAGCGAGACCTTCA,0.21463849427192155,1
DNA2,chr10,CAAATGCCTCACTTCTCGGA,-5.2958141629164865,3
DNA2,chr10,AGTCCAACTCCATCGAGCAC,-3.592790936379793,2
SNRPD3,chr10,TGACTGTGATGTTGGACATC,-3.588726774941988,2
SNRPD3,chr10,CTGGAACAGGTATATATACG,-3.3711516513881574,2
PWP2,chr10,GAAAGTGAAATACTCCCGAC,-4.465952032569684,3
PWP2,chr10,GATTGCGAGGCGACCATCTG,-4.059191122481909,3
ATP5D,chr10,TGTGAGTTCGTACCTGCGTC,-4.197736407339681,3
ATP5D,chr10,ATGTGAGTTCGTACCTGCGT,-4.123236150478124,3
ATP5D,chr10,GTGGACGTGCCTACGCTGAC,-0.05750295734423122,1
RPS15,chr10,TTCCGCAAGTTCACCTACCG,-3.511914348163727,2
RPS15,chr10,GTCGAGGTCTACGCCACGGT,-3.062458835594058,2
EEF2,chr10,GGGCTTGATGCGTTCAGCGA,-4.748301417097048,3
EEF2,chr10,AACCAAAGCCTACGGTGCCC,-3.026404604599367,2
EEF2,chr10,ATGGCGGCCTCATCGTCGGG,-3.251315653249729,2
DOHH,chr10,GCTATCTCGTGGATCAGCCG,-3.777659221273632,2
DOHH,chr10,TGGGCCAGATGAGGGACGCA,-2.7152367198396092,1
DOHH,chr10,CCTGGGGGCGATTGGTAACC,-0.39187798458356415,1
DOHH,chr10,CGGGTTACCAATCGCCCCCA,-0.7695543877248192,1
DOHH,chr10,TAGCCACTCTAGACGACCAA,-3.99844988319222,3
POLR3B,chr10,AGACCAGATTACCAACGGCA,-4.866843414618891,3
NEDD1,chr10,TGGCTATTGGATCTTCCCGT,-5.1578244605668,3
NEDD1,chr10,GCAGTAGATTTTATGCCGGA,-0.04229895088000879,1
NEDD1,chr10,GAGTACTTGATGTGCCGGAT,-5.923477238761283,3
NEDD1,chr10,ACGACTTCATCGGTCTCTTA,0.4775163225277207,1
CCT2,chr10,CCACTTTACTAAACTGGCCG,-4.029140147063175,3
CCT2,chr10,GAGAATGGTAGCACCGTCGT,-3.6767705592218265,2
CCT2,chr10,GCTCTGATGGTGACCAACGA,-4.640534563403799,3
CCT2,chr10,CGGCGTCTCGTCCACTGCTT,-0.16407196196863807,1
MDM2,chr10,CCAAGCACTACCTGATGCGA,-3.487465449030714,2
MDM2,chr10,CACAGAGACGCCCTCGCATC,-3.0385230713719342,2
MDM2,chr10,AGTGTCGTTTTGCGCTCCAA,-0.01840689658775757,1
PRIM1,chr10,TGACAGACTACGATGACGTA,-3.1486238552718744,2
PRIM1,chr10,ATCATAGACCGGGCATTGAA,0.024428115489887325,1
PRIM1,chr10,AGCAGAGGACAGCTTTCGAA,-3.0398472915683987,2
PRIM1,chr10,TGCTGTGCGCTCCGGGATCG,-4.571167479389657,3
SFI1,chr11,GGCAGTCTCGAATTGAGCAG,-5.027469042285488,3
SFI1,chr11,TTGTTTGCTGTAGTCGGGCC,0.06670117858425265,1
SFI1,chr11,TCTGGAGCACAGTAGCACGG,-0.5723562302154184,1
SFI1,chr11,TTCTAATTAGCCAGCGAGAT,-0.12074788899300773,1
SFI1,chr11,TGATATACATGGTTTCTCGT,-6.125950172947,3
PES1,chr11,ACATGACACTTGCCAGTCCG,-3.939458937918374,3
PES1,chr11,AGACCATTCAGTTGTGCCGT,-4.922023970507885,3
PES1,chr11,ATAGGGTGCAATCCATACGA,-3.6964614457958556,2
PES1,chr11,AGTCCACATCTGTCGGATGC,-3.4381829714913,2
SF3A1,chr11,CATTATTTACCCTCCCCCGG,-3.6804713017260497,2
SF3A1,chr11,CCAAGAGACCATAGTACCGA,-4.046568186047888,3
SF3A1,chr11,AGGGGGCTCCTTCGGTACTA,0.8627334476325565,1
SF3A1,chr11,AGGAGCGCTACGAGAAGTTT,-0.25589918815262164,1
YKT6,chr11,AACTGATTGTGGAACGCTCG,-3.1669789563567763,2
YKT6,chr11,ATTGTGGAACGCTCGGGGAA,-3.0141834802828833,2
YKT6,chr11,ATCTTTGCCATGTCTACGTC,-5.340313816415977,3
YKT6,chr11,TGTCGCTCCGGACGTAGACA,-4.232713498166712,3
DDX56,chr11,AGAAAAGCCTGGTAAATCCG,-2.4508427785499802,1
DDX56,chr11,CTGCAAGTGGCTTAACACTC,-4.738408672045408,3
DDX56,chr11,CTGTGCTCGGGATGTGCGAG,-3.5288677749767037,2
DDX56,chr11,TCCCGGAGCCTGTGCGGGCG,-0.6522130014550306,1
CCT4,chr11,AGCAATATTTCCGCGGCCAA,-3.7947403812047495,2
CCT4,chr11,CCGGGTGATACCTTTGGCCG,-2.2295580030807742,1
CCT4,chr11,AGCAATGATGACAACCGACG,-3.2616910678096995,2
CCT4,chr11,TTTCTGCAGAAGTTTGGTAC,-2.9694752279696393,2
THG1L,chr11,CTGGAGGATACCGAAGGGGC,-3.1655113999459092,2
THG1L,chr11,CCAGTAAAATACGTAACTGG,-3.33182803689622,2
THG1L,chr11,TGGACGGCCGGAATTTCCAC,-3.514859239080809,2
GNB2L1,chr11,TAACAACATCACTAACGAAG,-3.1816688180439687,2
GNB2L1,chr11,GGACGGAACGCTGCGCCTCT,-2.1905292628581075,1
GNB2L1,chr11,CACCAAGGATGTGTTGAGCG,-4.5281031845129744,3
GNB2L1,chr11,GACAATCTGCCGGTTGTCAG,-3.2326972710927024,2
NHP2,chr11,AGAGCTTGCGCGTCAGGCGG,-3.6958560908391247,2
NHP2,chr11,TGTAGAGCTTGCGCGTCAGG,-3.9681723190581333,3
NHP2,chr11,AGCAGAAGCAGATTCGTCGC,-0.6232156718675045,1
RPL26,chr11,TAATGGCACAACCGTCCATG,-3.5869896606758624,2
RPL26,chr11,AATGGCACAACCGTCCATGT,-4.535612152165896,3
AURKB,chr11,TTTCGATCTCTCGGCGAAGC,-0.10589600524587939,1
AURKB,chr11,CCTTGTAGAGTTCCCCGCGA,-3.2581964991117207,2
AURKB,chr11,TCCTTGTAGAGTTCCCCGCG,-3.737923214323175,2
PSMB6,chr11,TTTAATGGGGGCGTGGTTCT,0.342794909099974,1
PSMB6,chr11,AGTCACTCGATTGGCGATGT,-4.712781069776127,3
PSMB6,chr11,GAAGATGTGATCGTGGATAG,-5.066459120248022,3
PSMB6,chr11,CAGAAGATGTGATCGTGGAT,-3.628529416448101,2
PSMB6,chr11,GGCAGCAGAAGATGTGATCG,-0.28113310374048583,1
RPA1,chr11,ACTGTTTGTTAGCGATCTTC,0.485357127543825,1
RPA1,chr11,CACCTGGAGTAATTCCCGGG,-4.363705776570808,3
RPA1,chr11,CGCACCTGGAGTAATTCCCG,-3.5340855706204084,2
RPA1,chr11,CGCATACCTGCCGTCTTTCA,-0.667054037445965,1
RPA1,chr11,CTCATGAGCAGTCGGTACCG,-4.088628889905896,3
RPL23A,chr11,TGGCCCAACTCACCTTATCA,-3.94794566361614,3
RPL23A,chr11,GCGCCGAAAGCGAAGAAGGA,-3.4639316082107183,2
NLE1,chr11,CGAGTCTGGGATACAACCGC,-3.143238553064949,2
NLE1,chr11,TGGCCACGTAGCGGCACTCG,-2.297932614569575,1
NLE1,chr11,GAACCCCGAGTGCCGCTACG,-2.485721427359848,1
NLE1,chr11,TCAGGGTCCGGGCTGTGACG,-2.317956459657519,1
NLE1,chr11,CATCGTGGACGTAGAACGCC,-3.875482838269164,2
SRSF1,chr11,ATCGACCTGAAGAACCGCCG,-2.9220046163833073,1
SRSF1,chr11,CGAAGGGCGGTCCCCCGCGG,-2.033082353305263,1
SRSF1,chr11,TGTGATCACACGCAGAGACG,-3.886351059201048,3
SRSF1,chr11,GCTACGACTACGACGGCTAC,-3.726142066095147,2
RPL19,chr11,TCTGTGTACCCAGTATGCTC,-4.844397790935787,3
RPL19,chr11,AGCTTCCTGATCTGCTGACC,-4.372513432080858,3
RPL19,chr11,AAGTGGGAGCTTACATATGG,-5.362215786634783,3
PSMD3,chr11,AGGAGCCTCGGTTCGTGCTG,-2.6199092992724182,1
PSMD3,chr11,GGGTAGCAAGAAGTCTCGAG,-3.7484464779368647,2
PSMD3,chr11,CTGCAGTTTCGTCCTCGCAC,-3.3909650357216496,2
PSMD3,chr11,GTGTTACTATTATCACGCCC,-4.837005630579501,3
MED24,chr11,CTTGATGAATTTCCGGGCGA,-3.989276754136063,3
MED24,chr11,GGAAGCTTAAATCCTTCGCC,-3.079685490992839,2
MED24,chr11,GGACTCATTGAGTCCCCCGA,0.15571907841477878,1
TOP2A,chr11,CATTGAAAACTCTTCGTTAT,0.13289600729574988,1
TOP2A,chr11,TAAGTGCGTACCTGCATCGT,-4.089350469160883,3
TOP2A,chr11,ATGAACAGGTCAATCCCCGG,-3.593854328748032,2
TOP2A,chr11,CCATAGCCATTTCGACCACC,-0.03464696923971004,1
UBTF,chr11,CCATGAGCTCCGCACAGTAC,-4.739009203562546,3
UBTF,chr11,ACAGGAGTTCGAGCGAAACC,-3.5382186969464273,2
UBTF,chr11,CAAGTACGCGAAGCTCCACC,-3.982136454063112,3
EFTUD2,chr11,CATCAAGAGCACTCCGGTGA,-4.643062738372944,3
EFTUD2,chr11,CCGTACACCTCCTCGGCCGT,-3.187445612798805,2
KIF18B,chr11,CTTTGTGGAATGCTCAACGT,-3.6644335876459255,2
KIF18B,chr11,CAAGATGAGCTTGATTGACC,-4.761850963849037,3
KIF18B,chr11,GTGTTTGCCTATGGCGCCAC,-3.6172370749905594,2
KIF18B,chr11,GATGCTGGTATTTGACCCCG,-3.689813756101059,2
FTSJ3,chr11,GGAGCGTGTCGAGCTGAAGA,-0.3022963917575087,1
FTSJ3,chr11,TCGCAAGAAGTCCGTAACTG,-3.397935229822646,2
FTSJ3,chr11,TACCTTGGGAGTAAGCGTCA,-2.7816041393252764,1
FTSJ3,chr11,GGAGAGGCTTGATTGGAACG,-4.065126926307899,3
FTSJ3,chr11,TGTGTGCTGCGCCTGGCGGA,-2.3764126010835125,1
SRSF2,chr11,CCGCCGCCGTACCGACGGGG,-2.236137513523351,1
SRSF2,chr11,CGGGTGCAGATGGCGCGCTA,-3.8206010565930244,2
SRSF2,chr11,TCCTTGGTGTAGCGGTCCCG,-3.7551343978418545,2
BIRC5,chr11,AATCAGGCTCGTTCTCGGTA,-5.741698637664397,3
BIRC5,chr11,TACCGAGAACGAGCCTGATT,0.11962909849089468,1
BIRC5,chr11,AAATCAGGCTCGTTCTCGGT,-3.7595997119944697,2
BIRC5,chr11,GGCCAAATCAGGCTCGTTCT,0.5479935650138206,1
CCDC137,chr11,ATAATTTCTCGGAGCCGAAA,0.6755254988841355,1
CCDC137,chr11,AACTTGGGGACAGCGATGTC,-0.36209182995062617,1
CCDC137,chr11,TGTGGCCTACGTCCAGCGCA,-3.2055814201224506,2
CCDC137,chr11,CTGCTCCATGCGCTGGACGT,-4.426839187771511,3
HGS,chr11,GTACTTGGGTTCGTTCCGGA,-2.9852483421721856,2
HGS,chr11,CCTTCTCAATGCCGAACTTG,-3.7013892321339847,2
HGS,chr11,CTCCTTCTCAATGCCGAACT,-0.675341088689804,1
ANAPC11,chr11,TGATGACTGCCCCCTCGTGT,-3.682470655639843,2
ANAPC11,chr11,GATGACTGCCCCCTCGTGTG,-4.284158808345325,3
ANAPC11,chr11,GAGCACTGTCCCCACACGAG,-3.400576180928686,2
ANAPC11,chr11,GGAGCACTGTCCCCACACGA,-3.427532451456152,2
5730507C01RIK,chr12,GGCAACCGTGGCGGCAATCG,0.05785643872991597,1
5730507C01RIK,chr12,CAGTCATACCTATAACAGCG,-3.567899197656307,2
5730507C01RIK,chr12,AGGTATGTAAGTAATCATAG,-4.527436699435441,3
RRM2,chr12,GAAAGACAACGAAGCGGCGG,-3.062458835594058,2
RRM2,chr12,GGAAAGACAACGAAGCGGCG,-2.7902202209030573,1
RRM2,chr12,TGGGAAAGACAACGAAGCGG,-3.09763396482543,2
RRM2,chr12,GTCCTGAACGATTACCTCCT,-4.778785000567724,3
RPS7,chr12,CACTGCTGTCAGGGTACGGC,-3.3920831518723595,2
RPS7,chr12,ATAAGCAGAAGCGCCCCAGA,-3.5547404591350418,2
RPS7,chr12,CACCACCAACTTCGATTTCC,1.4897366722902246,1
TWISTNB,chr12,TGCTCAGGTAGCGGGGCGAC,-3.2197340562762102,2
TWISTNB,chr12,CTTACCTCTCGGAGTAGCGC,-5.038922819482657,3
TWISTNB,chr12,CATACCATTAACGTCTGCCC,-4.6975766580366765,3
PSMA6,chr12,TTTAAGGCTATTAACCAGGG,-3.1473590610470987,2
PSMA6,chr12,TTCAAGATAACGGAAAGCAT,-3.497700402505049,2
PSMA6,chr12,GGTACAGAGGGCACGCTATG,-4.786569073695823,3
PSMA6,chr12,ACACACAGAACGCTGAAATG,-3.0266062389908703,2
RPS29,chr12,GCGGTTGGAGCAGACGCGGC,-3.7186299675249965,2
RPS29,chr12,ACCCGCTCCTCACCAAGAGC,-2.5557487030587467,1
LRR1,chr12,GGGGGCGCGTACCTTGTAGC,-3.0339346415812303,2
LRR1,chr12,GAAAGCCACTGTCCGGCTAA,-2.9816581384862832,2
LRR1,chr12,CAGCATACGCATATCAACTC,-3.5118141471856372,2
LRR1,chr12,ACAGCATACGCATATCAACT,0.3539808475396725,1
LRR1,chr12,GTGAGGTCTCCAATTGTAGC,0.6441191502272623,1
FNTB,chr12,TCTGGGGGATGGGTTCGTCA,-3.472889692251653,2
FNTB,chr12,TACTCCCTAAAGCAACCCGA,-3.9122107463157145,3
ATP6V1D,chr12,AGTGGAACTACTGGTGGAAC,-2.3988328983868206,1
ATP6V1D,chr12,CAAAGCAGTGGAACTACTGG,-4.082451791188878,3
ATP6V1D,chr12,GAACTGACCGGTTTAGCCAG,-4.472554916098337,3
ATP6V1D,chr12,CTTTCAGGCTATGAACTGAC,-0.023064575291527195,1
ATP6V1D,chr12,GTGTTTGAACATTACCACGA,-0.7648694343304265,1
CINP,chr12,TCTTACCAAGCCGTCCAAGA,-0.7468049072788764,1
CINP,chr12,GCAGGCCATCTTGGACGGCT,-3.5308115530334696,2
CINP,chr12,GACAAATCTGGACTACGATA,-3.0203843058713193,2
CINP,chr12,GTTGGCAATACTGCTCGCTG,-5.64093088382946,3
EIF5,chr12,CAACATGGTTGACGTTGCAA,-4.955713794266579,3
EIF5,chr12,ACGTTGCAAAGGCGCTTAAT,0.44336402990544055,1
EIF5,chr12,AAGCTTTACTTACACGTTGG,-5.175333136034089,3
EIF5,chr12,AAGCATGCCTCGGTACCCAC,-4.258845256175243,3
EIF5,chr12,GGAAGCTCAAAGGCGCAGAA,-3.096612830704486,2
TRMT61A,chr12,AGTAGAGGATCTGCGTGCGG,-2.9271639975824275,1
TRMT61A,chr12,GGTGATCAAGGCAATGTCGG,-4.43595580916981,3
TRMT61A,chr12,AACGCTGCGGATGATTGCGT,-3.797017122758322,2
TRMT61A,chr12,CAACGCTGCGGATGATTGCG,-3.4134966093113164,2
PITRM1,chr13,CCCACATGTTCTCGAGCATA,0.44575407910440185,1
PITRM1,chr13,CGGATATATCGTGTAATCGC,-3.078073914050382,2
PITRM1,chr13,GTGCATCCCGGAGCTCACGT,-3.0359570380492538,2
PITRM1,chr13,AAGATCACGTACTGACGTCA,-2.3570902209759415,1
GTPBP4,chr13,GTTAGGTTGTAGATACCCCA,-5.130132662008278,3
GTPBP4,chr13,TGGATTATAAGTATCTGCGC,-5.577197379606129,3
GTPBP4,chr13,GATTTGGTGGTAAATGCATA,-2.8741071220881063,1
GTPBP4,chr13,TCAAGTCAGCATAAAACGGA,-2.2312671267807738,1
HEATR1,chr13,GATTTCTGTGAAAGTAACGA,-3.251315653249729,2
HEATR1,chr13,GCTTAGATACCCCAGAGCGT,-2.724511599553312,1
HEATR1,chr13,GAAGCTATTCTAACCCGGTT,-3.327150317000254,2
HEATR1,chr13,CCGGTTAGGCGATGATAATG,-0.18228002122834802,1
GGPS1,chr13,TGAAAAGCTTCACCGCATCC,-0.21900560558619547,1
GGPS1,chr13,TCACCGCATCCGGGTGATCA,-0.17685701181561747,1
GGPS1,chr13,AACCCTTGATCACCCGGATG,-4.40641323491443,3
GGPS1,chr13,TCCAAGGAAGTAGACGTAAT,-0.04685456500402707,1
GGPS1,chr13,GACAGTTCAAAGCTCCGACG,-3.472889692251653,2
PSMA2,chr13,CTGGAGGGGCCCCGTCAGTG,-3.0385230713719342,2
PSMA2,chr13,ACCTTTAATCCCCACTGACG,-4.01959891349386,3
PSMA2,chr13,CATTACCAAGCACATCGGTT,-3.800017941656809,2
PSMA2,chr13,GAATGGGTTCTTGGTAAACA,-2.824456525086857,1
HIST1H2BJ,chr13,TGGAGGAGATACCGGTGTCG,-2.912498427494429,1
HIST1H2BJ,chr13,TTGGAGGAGATACCGGTGTC,-4.211141309037598,3
ABT1,chr13,AGTCTACATAACACGCCCAT,-4.816088646921075,3
ABT1,chr13,CGCAACCTGCTCAGCGCCTA,-3.888442312594622,3
ABT1,chr13,AGCAGGTTGCGTACGTGAAG,-3.7911175113389266,2
HIST1H4H,chr13,ATGTCTGGTCGTGGCAAGGG,-3.184431021186436,2
HIST1H4H,chr13,GGCAAGGGCGGTAAAGGTCT,-2.9249274015298816,1
HIST1H2AE,chr13,GCCGGCCTGCAGTTTCCCGT,-4.0532307961827225,3
HIST1H2AE,chr13,ATGTCTGGACGTGGCAAACA,-3.6663025243236778,2
HIST1H2AE,chr13,TACCTTCTTGCGTCAATGTC,-0.002751936723690167,1
PSMG4,chr13,TGACGGATTCGCTCTTCCTG,-4.6377384383925895,3
PSMG4,chr13,GACGGATTCGCTCTTCCTGT,-5.666116576648135,3
RIOK1,chr13,GGGCGACGCTGAGACCGATG,-2.9897259159004346,2
RIOK1,chr13,CGACAGAGCAACCGTAGAAC,-3.109170971270052,2
RIOK1,chr13,ACAATAGCCACGCCGGAACC,-2.9642366470218446,2
RIOK1,chr13,TTCCTTTACAATAGCCACGC,-3.6964006428849707,2
PAK1IP1,chr13,AGAGACTACATAGCGACTGT,-3.856305058369635,2
PAK1IP1,chr13,GGGGCTCTGGTGCATCACGC,-3.9350384415586515,3
PAK1IP1,chr13,TATCCACCCGTCTGGCAAGT,0.30767233941491895,1
PAK1IP1,chr13,GAGCCAACTTGCCAGACGGG,-3.7034873967989608,2
PAK1IP1,chr13,TAAAGTGGATGTCTATCGGC,-2.1905213533473136,1
IARS,chr13,GTACGAAATCGATAAGACAC,-3.895609115009914,3
IARS,chr13,CTTATAGAGGGCCGATAATC,-0.09847178828347847,1
IARS,chr13,CAGAGTTTGTACGAGAAAAA,-0.5865365546398484,1
IARS,chr13,GAAGGCATCGATCAAACCAG,-4.248449282202293,3
HNRNPK,chr13,ATGCATTCTACAACCCTATC,0.3389588993446905,1
HNRNPK,chr13,ACTGTTGGGACATACCGCTC,-3.497588740875031,2
HNRNPK,chr13,CTGTTGGGACATACCGCTCG,-4.249700315339934,3
ZCCHC9,chr13,ACCGGCATTTGTTACCGCTG,-4.195315125372771,3
ZCCHC9,chr13,CTGGACAGTCAGCAATTCCG,-5.049142158233981,3
ZCCHC9,chr13,CGTGGCCAGGTTGTCGACAA,-4.218770623501541,3
ZCCHC9,chr13,CTTTGACACTGCTTACGATT,0.23460476370212496,1
UTP15,chr13,CATTCTGATTACGTGAGGTG,-5.154361752481179,3
UTP15,chr13,AAGAACATTCTGATTACGTG,-0.7521356983067287,1
UTP15,chr13,TGTGCGACTTTTCGACAGGA,1.3430382829732563,1
UTP15,chr13,GAGAGTACCGGCCATAAATG,-3.390191122811456,2
IL6ST,chr13,GTGCCAGTGGGACCCCGGAA,-4.402623458093407,3
IL6ST,chr13,GACTGTGTACGTTTGTGAGA,-0.2826829924782207,1
IL6ST,chr13,CTGCTAGAGACGCGACATAG,-3.767226618060544,2
IL6ST,chr13,TACTTGCTCACGGGTTTAGG,-0.44075644258422164,1
PSMD6,chr14,AATATCCAGGCGGTGACCCA,-2.873725379399154,1
PSMD6,chr14,AGAGTTGAAACGTTTGGATG,-3.496682136869015,2
PSMD6,chr14,CCTTGTGTAAATCCCTCGAC,-4.674870821082044,3
PSMD6,chr14,GGCGGTGCGCGAGGAGTTGA,-4.6588494641758595,3
DNAJC9,chr14,GATCTTGGGAAGAGTCTACG,-3.5289438122498313,2
DNAJC9,chr14,GGTCCTCCTCTACTCGGTCG,-3.388019890677069,2
DNAJC9,chr14,AGTGCACCCCGACCGAGTAG,-2.3301012527102376,1
PSMB5,chr14,TCTGGGAGCGGTTGTTGGCT,-4.548775572944811,3
PSMB5,chr14,CAGCTTCTGGGAGCGGTTGT,-4.967623195494495,3
PSMB5,chr14,CATTGTTGCAGCGGATTCCC,-5.2595251496707975,3
PSMB5,chr14,TCATTGTTGCAGCGGATTCC,0.9487315105262522,1
PSMB5,chr14,GCCGAGCTGGGGCGTCCCGG,-2.2570313616135618,1
NGDN,chr14,GAGGCTGGTGGAGATTCGCA,-4.401729917569623,3
NGDN,chr14,TTTAGAAAAACTTCGTCCTT,-0.029792551005484696,1
NGDN,chr14,GGATGAGGCTTAAAACGGAG,-3.3306753776762155,2
TINF2,chr14,GATCCTGCAGGCGCGACCCT,-3.4906407007125,2
TINF2,chr14,GCCGGTAGCAAACCAAGCCG,-4.564015521010056,3
TINF2,chr14,GCCGGGGGCAGCAGCGCGCA,-2.1934195113799566,1
RABGGTA,chr14,CTTGCTACTCACGGTTGACG,-4.0575019237066225,3
RABGGTA,chr14,GAGGCAGGAGCGATAATGCC,-4.1457614821649,3
RABGGTA,chr14,ACACGTACAGTTCCGCTCAT,-0.2816795825046274,1
TARS,chr15,GGTCCTCATGTCCGACACAC,-4.1005980310277055,3
TARS,chr15,CAGTGCCCACATAATGGGCG,0.11097866319372014,1
TARS,chr15,ACAAGCAATCTGATACGGCG,-3.1529778565969213,2
TARS,chr15,AGCAGAACACGATTCTATCC,0.8041496843730133,1
CCT5,chr15,CGTCCTCACGGTGGCAGATA,-0.46485202808891857,1
CCT5,chr15,CGCCGTGAATGCCGTCCTCA,-3.927948824142644,3
CCT5,chr15,CAGACTGCAAAAACCACGCT,-4.43333106741191,3
CCT5,chr15,GATGTGACTATAACAAACGA,-5.243625335469747,3
UTP23,chr15,CCAGCTGCCCCGCTACCTTA,-0.43198477352122416,1
UTP23,chr15,CAGCTGCCCCGCTACCTTAT,0.7766695873090852,1
UTP23,chr15,GTCTCTCCCATAAGGTAGCG,-5.2474545568649695,3
UTP23,chr15,GGGTCTCTCCCATAAGGTAG,-3.556070125632618,2
UTP23,chr15,AATGAGGACAGTTTCGAACC,-2.5854359572484436,1
RAD21,chr15,GGAAATGATGGCGGTATATT,0.018591934626498947,1
RAD21,chr15,GAGTAGTCCGCATCTATCAC,-5.095750453759658,3
TAF2,chr15,TCCTGGCACCCAGAAGTACG,-3.3224237797099696,2
VPS28,chr15,GTACAAAGCTGCCTTCCGAC,-2.9020913483158584,1
VPS28,chr15,CTTGATGTACGCCTTCTCCA,-5.305666825583733,3
VPS28,chr15,CATGGCAGAGCTCTTTGCCG,-4.356554183603299,3
TONSL,chr15,GTCCAGCCGCAGTAGTCTCG,-4.403710891255268,3
TONSL,chr15,CTTGGGAAAGTCACCCGCTT,-2.8031528839468614,1
TONSL,chr15,GTTCCGGGCCCGATACAACC,-1.070579703491525,1
TONSL,chr15,CCGTTCTCCAATCTTGCGGT,-3.459860281374014,2
RPL8,chr15,CTTTGGCGAGGGGAGCGCCG,-3.9291635087430725,3
RPL8,chr15,ATCCCTACCGATTCAAGAAG,-3.7484464779368647,2
RPL8,chr15,AGCTGTTCATCGCAGCGGAG,-4.339421495584538,3
POLR2F,chr15,AGTGGTGATCCGCTTCTGGT,-3.6448954433256997,2
POLR2F,chr15,TTACATGACCAAGTATGAGC,-4.150509002413996,3
RPL3,chr15,ACAGAGAAGGCAACACGGGC,-3.3711516513881574,2
RPL3,chr15,TGCCAACGACTGGTTACCCC,-5.7661931485311175,3
RANGAP1,chr15,TTAGGTTGATGACTCGCAAC,-3.8182668423614823,2
RANGAP1,chr15,TTTGGACCCGATGGAGTGCG,-3.9285412684258345,3
RANGAP1,chr15,CGATTGGAGGGCAACACGGT,-3.143238553064949,2
PHF5A,chr15,TAGTAGGCATCGGAGACTCC,-4.094249798201988,3
PHF5A,chr15,CTCATCACATATGCGGACCA,-4.6068994285473295,3
PHF5A,chr15,CAGGGTGCAGGGACGCACGT,-3.702601815614893,2
CENPM,chr15,AACACAATCAGGTCAATTCG,-2.872898915247463,1
CENPM,chr15,TCGGGGCCGGTTCACATTGG,-3.1939124733377557,2
CENPM,chr15,TGACTGTGCGTCCGAGCTGA,-4.274300091464125,3
NUBP1,chr16,GCCGCTTCCTCACCGGGATC,-2.6606812827185466,1
NUBP1,chr16,TGTCTGGGAAAGGCGGCGTT,-2.745122718343367,1
NUBP1,chr16,CCTCGCCCACGGCCTAGCGG,-0.7547038709511019,1
NUBP1,chr16,TCCATCCTCCGCTAGGCCGT,-3.893063880279036,3
NUBP1,chr16,CTCCATCCTCCGCTAGGCCG,-3.584549299214939,2
RRN3,chr16,AAAAAAACTGTTCGGTTTGG,0.27224592293280886,1
RRN3,chr16,GAATTTCACGCCTCAAAGTT,-0.4727623145530555,1
RRN3,chr16,TGATATAGGTGAGTGTATCG,-5.097680583674847,3
RRN3,chr16,TCATCCCACCGCAGAGCGCC,-2.589088025201257,1
RRN3,chr16,ACGTCCAGGCGCTCTGCGGT,-4.3078449263491905,3
UFD1L,chr16,GTACTTACTGAGTTGATCGA,-4.4904676841868,3
UFD1L,chr16,ACTTAGAGTAGGTCGCCACT,-0.002453873403448298,1
UFD1L,chr16,CCAAAGGATACACCGCTTTA,0.417660519918227,1
UFD1L,chr16,AACTTCGCCTGTCTGACGAC,-4.447892712640423,3
EIF2B5,chr16,CAATTAGCGCAACGTTGGCC,-0.14893624936315444,1
EIF2B5,chr16,CCTTGGCATCGACGTCACGG,-4.048315983634769,3
EIF2B5,chr16,AGGAAAAGCGCCGGAGGCCT,0.3262368697955991,1
EIF2B5,chr16,TGAGAGGGTAGACCCATCGG,-3.3024622739246543,2
PSMD2,chr16,CCCAGGAAGAACTGGCGTCA,0.7244826832587136,1
PSMD2,chr16,TGATGAGAACGCCTACGCCA,-2.635456440977274,1
PSMD2,chr16,TGCCCTCCTGCGCTGCGCCT,0.10979145758249287,1
PSMD2,chr16,CTTCTTGGCTTTAGCTCGGG,-4.296391871671382,3
ZBTB11,chr16,CCTGCTACGTCGTGCGCGGC,-0.5266364607630656,1
ZBTB11,chr16,TTGCAGCCGGAGCGTCGCCA,-2.989426199920966,2
ZBTB11,chr16,ACCAGCTCATGTTTCGACAC,-3.232262641647516,2
ZBTB11,chr16,AATATTCACTATTAGCCGAG,-3.8118070990534743,2
TCP1,chr17,GATGTAACCATTACTAACGA,-4.215102811270522,3
TCP1,chr17,GGTGGCACCATCGTTAGTAA,-4.054329998935824,3
TCP1,chr17,ATTATTAACACAGACGAACT,-0.8542020469848061,1
TCP1,chr17,TAGAGAATCGGATATCACCA,-2.297932614569575,1
PPP2R1A,chr17,AAGTGAGCCTCTAGATCGGA,-3.8631399088152256,2
PPP2R1A,chr17,CAGCGGCCCGCCGCACCATG,-2.589088025201257,1
PPP2R1A,chr17,TTGGCGTGTTCGCTACATGG,-2.8019050979939317,1
TBL3,chr17,GTTGGAAGCCACGACGATGT,-4.674271703045312,3
TBL3,chr17,CAGTGACTCCCACATCGTCG,-5.979335747023594,3
TBL3,chr17,TGGACACCTCTATCCGCGTG,-3.717347126925845,2
TBL3,chr17,GGCTGGCTGTTACGAGTACC,-4.414909526104145,3
NUBP2,chr17,GCAGCTGGATTATCTGGTTG,-4.877002086658383,3
NUBP2,chr17,TTGTGTCTGACGTGGCCTGG,-4.658060282023177,3
NUBP2,chr17,TCCACACCACGGCCTCATCA,0.790502084269448,1
NUBP2,chr17,GCAGGTGGGAATCCTAGATG,-3.3558709465871166,2
NARFL,chr17,TGACACAGCCGCTGCACGCC,-4.2264933389567645,3
NARFL,chr17,GAGTCACGAGGAACTGCGGA,-3.456769348532096,2
NARFL,chr17,ACTGGCTGCCAGGTTTCGGC,-0.6024417536863396,1
NARFL,chr17,AAGGCTGAAGTTCCTCGCGA,-3.0176987578806056,2
BRD4,chr17,GGACCCAGCTTGGCGGTCTT,0.32517473976003647,1
BRD4,chr17,CTGGGGGGTGGTCGCAATGA,-3.143238553064949,2
BRD4,chr17,GGGGTGGTCGCAATGATGGG,-2.9104824572963053,1
H2-KE2,chr17,GGGGAGGCTCGGGCCACAGT,-2.1124457468013302,1
H2-KE2,chr17,CCTGCTGGATGGATCCAACG,-3.146104157863226,2
H2-KE2,chr17,GGAAAACAATATCGTGAAGG,-4.548775572944811,3
H2-KE2,chr17,AACGGAAAACAATATCGTGA,-4.76358509336277,3
RPS18,chr17,ACTTTTGACCTCAGGGCGTG,-5.317108120636086,3
RPS18,chr17,AACTTTTGACCTCAGGGCGT,-4.668259803812452,3
POU5F1,chr17,CTCGTATGCGGGCGGACATG,-4.254848488353662,3
POU5F1,chr17,AACTCGTATGCGGGCGGACA,-3.1596130093350876,2
POU5F1,chr17,CCTCCGCAGAACTCGTATGC,-2.739277063341052,1
POU5F1,chr17,AAGTCTCCACGCCAACTTGG,-3.661719446159135,2
PPP1R10,chr17,CTTACCAGTAGAACGGAACT,-2.725736070553908,1
PPP1R10,chr17,GAGCTGTCTCGAAAGCATGT,-4.028011631616565,3
RPP21,chr17,ACCCTGTGCCTTACTGCCGG,-0.4907397589205622,1
RPP21,chr17,GAGGACCAGCCGCTTCGCGA,-5.222414313006965,3
RPP21,chr17,TCGCGAAGCGGCTGGTCCTC,-3.0559904303585426,2
RPP21,chr17,CAGAGAAAACCATCGCGAAG,-2.817236432301067,1
POLR1C,chr17,TAACAACACGTCCATAGTCC,-3.6256692895092524,2
POLR1C,chr17,TCTCCGGAAAGCATTGGCGA,-4.7089949620246845,3
RPL7L1,chr17,CCTTTCCATGCGTATAACGA,-4.957575205116232,3
RPL7L1,chr17,CTTGGCCTTCGTTATACGCA,-2.9413894753144874,1
CCDC94,chr17,GTCCAGAACGAGGCTTACCT,-3.0566287969757164,2
CCDC94,chr17,AGAGAACACGGACTACACCA,-4.167995711631757,3
CCDC94,chr17,CTCCGCCTGGAAGTTGCGCG,-2.5725146668254726,1
CCDC94,chr17,GGTCCTAGAGAACCGGACGA,-2.8859164651808396,1
LONP1,chr17,ACCCATGTCGCTCAAGTAGA,-0.383099847726566,1
LONP1,chr17,CCCGCGCTTTATCAAGATCG,-4.896151469055592,3
WDR43,chr17,ATTAAGTAATCGGTCGTGTA,-5.048452220344098,3
WDR43,chr17,ACAATCCAGATCGCAACACC,-3.7725182186416975,2
GEMIN6,chr17,TCAGCTTCTCGCGTACTCTG,-2.7758604276523373,1
POLR2D,chr18,GCAGCAGAACGAGAGCGCGG,-2.998274769958396,2
POLR2D,chr18,GAAGCGGGCCGTGTAGTTGA,-4.465952032569684,3
POLR2D,chr18,TAGTACTCACCTGCGCACAC,-3.026404604599367,2
HSPA9,chr18,CAACTTGCCATACCTTACCA,-3.9859886067279726,3
HSPA9,chr18,AAGACAACATGGCGCTTCAG,-4.673509245804152,3
HSPA9,chr18,TGCTGCTCTAGCTTACGGTC,-4.30201328323958,3
HSPA9,chr18,TATGCTACTAAGCGTCTTAT,-0.3094754338168665,1
WDR55,chr18,CTCGAGTCGGATGGAACGCC,-2.414107628700183,1
WDR55,chr18,CCACATCTTAGATGTCGAAC,0.058697871489602635,1
WDR55,chr18,TGAGAATGCTCTGGTTACGG,-4.6804528030247194,3
WDR55,chr18,TGAGGAGTACATTGCCGACA,-4.782891285714736,3
HARS,chr18,ATTGATAGAATTCACGGTAA,-3.7496322916602205,2
HARS,chr18,TATAGCAAAGGTGTATCGCC,-3.1965780017288057,2
HARS,chr18,ATACAGTAAGGTCATAACGG,-3.962060489584323,3
HARS,chr18,GTCCCCGGCAGATGGCGGTC,-2.4508427785499802,1
HDAC3,chr18,CTTCCTGAACCCCGTCACCA,-3.664529662789322,2
HDAC3,chr18,TATCAATGTAGAGCACCCGA,-3.017263507234865,2
HDAC3,chr18,GCAGAGATGCGCCTGTGTAA,-0.33790554086026237,1
SRFBP1,chr18,TGGTCATCCGAAAACTTGTC,0.1407962333006515,1
SRFBP1,chr18,CTGTCGGTCGCGGTAGAATC,-3.7499370719190703,2
SRFBP1,chr18,TTCTACCGCGACCGACAGAG,-4.000166620751412,3
SRFBP1,chr18,TAATCTGGCAACCGCTCTGT,-3.949391142492889,3
NARS,chr18,CGGGACCACTTCTTCGACAG,-4.004958561822994,3
NARS,chr18,CATCAGACTCCTCGTTGATC,1.1977662847342032,1
NARS,chr18,AGCTGATAACCTGATCAACG,-3.81606696025824,2
ATP5A1,chr18,GATGGTATTGCGCGAGTGCA,-4.573972460661166,3
ATP5A1,chr18,TCCATCAATAGCATTACCGA,-4.443167796451049,3
ATP5A1,chr18,TTCCAAGACCCGCAGACGAG,0.20779085938605812,1
ARL2,chr19,GGCACACCTCCTCCACCAGT,-3.7186299675249965,2
ARL2,chr19,GTCCTGCATGCGCTGGCGGT,-2.432592122206309,1
ARL2,chr19,AGTAGGAGCGCAGAGACTTC,-0.6509304133224149,1
ARL2,chr19,TACTCACCCGCGGTGCTCCA,-3.537585331492,2
ARL2,chr19,GATGTTGAAGCCCAGTGTCG,-3.0549220667249095,2
FEN1,chr19,GTTAAGTGTCGCATTAGCAC,-3.567968448230337,2
FEN1,chr19,TTAAGTGTCGCATTAGCACG,-3.8025440736401777,2
FEN1,chr19,CTGATTGCTGTTCGTCAGGG,0.8210481465637319,1
DDB1,chr19,GGGTGGATCCTAATGGCTCG,-3.09763396482543,2
DDB1,chr19,GTGTCATCCGTCTCCCGACC,-3.678989268352545,2
FXN,chr19,GGGTATAGGGCTTGTCTGCG,-3.4961396892646164,2
FXN,chr19,TGGGGACATTGGACAACCCA,-3.1979763656993843,2
FXN,chr19,AGCGCGTACTCACGGCGTGG,-3.2264202687101586,2
FXN,chr19,AGGGAACCGATCGTAACCTG,-3.1319718419436233,2
D19BWG1357E,chr19,CCAGCACCTTGTCCAGCGTT,-3.2387824288058384,2
D19BWG1357E,chr19,GCTGCGGCATTCGGAGGCAT,-3.8884036985024473,3
D19BWG1357E,chr19,CTGATTATCTCCGCAACTTG,-3.3231604670939316,2
D19BWG1357E,chr19,TCGAACCACGATGTCATAGT,-0.1389350616298211,1
RPP30,chr19,ACAATGCCTACCTGTACGAT,-3.9446240045974283,3
RPP30,chr19,CACAATGCCTACCTGTACGA,-4.517064530399219,3
RPP30,chr19,TATAGAGAGCAACTTCGTCA,0.1119795817212423,1
SMC3,chr19,TTTTTGACAATTCGGACAAC,0.5297651107765722,1
SMC3,chr19,GGATAAGATGAGGCGCGCCC,-3.143238553064949,2
SMC3,chr19,TCTGCTAAGCGAGAAACGAG,-3.6799817491827067,2
SMC3,chr19,CTAGAACATTTTCGGCGAAA,1.1192535440092497,1
SMC3,chr19,AGTCAGCACGAAAATTTTAA,-0.4627903365334606,1
CDC123,chr2,TACAGCTTGTTCTCCGAAAA,-0.03889976138149054,1
CDC123,chr2,TTATTGTTTAGGATGCGTAC,-3.176499914537964,2
CDC123,chr2,AGAAGCTATCAATTCGCTGG,-4.271542233403606,3
CDC123,chr2,CAAGAAGCTATCAATTCGCT,-2.349681143700833,1
CDC123,chr2,CTGCACTCTTACCGTAAGTG,0.194317645558798,1
ATP5C1,chr2,AAATCAAGGGCATACTTTAT,0.9263344733634646,1
ATP5C1,chr2,AGAACCTGTCCCATACACTC,-3.893994865576305,3
ATP5C1,chr2,CCTGTCCCATACACTCGGGC,-3.2186747033725345,2
DNLZ,chr2,GGCCAACTTTGAGATGCGCT,-5.5560648609480845,3
DNLZ,chr2,AGGTGTAGACGAGTTGATAG,-4.248449282202293,3
WDR5,chr2,TGTGAAGTTCAGCCCCAATG,-4.081819869112207,3
WDR5,chr2,AGTCCAACCTCATCGTCTCA,-0.558992169962464,1
WDR5,chr2,GGCTGAGACTGGGTCCGAAT,-4.13702208397238,3
WDR5,chr2,CTTGCTTGACAGCCGAATCT,-0.6249912906021793,1
GTF3C4,chr2,TCATGCAACACTATTGAGTC,-0.1026905024258976,1
GTF3C4,chr2,CTATATTCCCGTTCTCAAAG,-4.479349697447247,3
GTF3C4,chr2,TCAAGCACAACAACGAGTGC,-2.9023759561663516,1
GTF3C4,chr2,CACAGTCAGGCGATTGTCCA,-4.354041058629386,3
D2WSU81E,chr2,TGAGATTGTGGTGTTCGATG,-5.128067113694302,3
D2WSU81E,chr2,GGAGCGGCAGCGTGCCCAAG,-3.33928345839018,2
EXOSC2,chr2,AGAGAAGCTCATTGCGTCTG,-4.974404866854178,3
EXOSC2,chr2,AGGTCGGAGACATTGTAGTG,-4.523130786341495,3
EXOSC2,chr2,CTCTCATCCATGAACCTACC,0.4570132029419588,1
NUP214,chr2,CCTGATCATTTTGTCGAGCA,0.31167893848269523,1
NUP214,chr2,AGATTATTACCTGCTGGCGA,-3.6778726171721257,2
NUP214,chr2,GGACAGCAAATTTCACGTAC,-3.367667407242698,2
HSPA5,chr2,CATTCCAAGTGCGTCCGATG,-4.014485989459146,3
HSPA5,chr2,TAGCCTTTTCTACCTCACGC,-5.767948143075214,3
PSMD14,chr2,GAAGTTATGGGTCTAATGCT,-4.2414207035540645,3
PSMD14,chr2,TGCCACAGCTCTCTCCGACA,-4.716557264894134,3
PSMD14,chr2,AAGACAAACGACTTCAAATC,-0.560535966284073,1
PSMD14,chr2,AGATTTGAAGTCGTTTGTCT,-0.181798014444672,1
CKAP5,chr2,TTTTTTAACGGTCCTGGTTT,0.7308497514167301,1
CKAP5,chr2,TAGATACATCACGCCAAGCA,-4.793656375727949,3
CKAP5,chr2,AGTCCTCCCGCTCCAACGAG,-0.27512854098582373,1
CKAP5,chr2,TCAGAGTTGGTGTCTAAGAT,-3.2125109189433205,2
BUB1B,chr2,GCGCCCATCAGCCGTGTCGG,-3.3615368520602167,2
BUB1B,chr2,AGATAACTCCGTTCTAGACG,-3.0505405913935535,2
BUB1B,chr2,TTCCACGTACGGCGTAAAGC,0.039475722257474255,1
BUB1B,chr2,CCAGATTGCAGATTGCTTCG,0.4833714998369196,1
RAD51,chr2,GTATGATCTCTGACCGGCGC,-3.2821360038248795,2
RAD51,chr2,GGCCATGTACATTGACACCG,-3.6727169415837952,2
RAD51,chr2,GCCATGTACATTGACACCGA,-3.986447459672828,3
RAD51,chr2,AGGGCACCTTTAGGCCGGAG,-2.3953832255470444,1
OIP5,chr2,GAGGGACCGCGACAGGTCCC,-0.09589542708635146,1
OIP5,chr2,TGGGACCTGTCGCGGTCCCT,0.048539149621189326,1
OIP5,chr2,TCATTGCGCGCGGTGCTACG,-3.908872321525908,3
OIP5,chr2,GTGCCGTGTTTCATTGCGCG,-0.6568473967647832,1
OIP5,chr2,AGGCGTCACCTGTCGACCTG,-3.7336152482776668,2
SNRNP200,chr2,AGAAGGCATCGATATCCCGA,-5.513432599429783,3
SNRNP200,chr2,CATAGCCTTTACGCTGGCGT,-2.798165072029022,1
SNRNP200,chr2,GACAATGAGTCGCACCAGCT,-0.5427295032165742,1
SNRNP200,chr2,CAGTGTGAACAAGATCGAGT,-3.248415762831584,2
NOP56,chr2,ATACCTTCTCGATGCGCGTC,-3.583802260703033,2
NOP56,chr2,GGAAGAAATTACGATGGACG,-3.0602989960120723,2
PCNA,chr2,ATACGTGCAAATTCACCCGA,-4.258845256175243,3
PCNA,chr2,CTGTGTAATAAAGATGCCGT,-4.885667759639729,3
PCNA,chr2,CCATGGGCGTGAACCTCACC,-2.9023796966573867,1
CHMP4B,chr2,ATTTTTGGTGCCGTGCTTCT,0.7908197419825576,1
CHMP4B,chr2,CGTCTCACCGCGTTTATTTT,0.2593747936240706,1
CHMP4B,chr2,TGTCAACCATCGAGTTCCAG,-4.711704839816766,3
EIF6,chr2,TGACTCCGTGCAGATACGGC,-4.0710384069763785,3
EIF6,chr2,TCGCCGGCTGCCGAATCATC,-0.5856499801992804,1
EIF6,chr2,ATCGCCGGCTGCCGAATCAT,-3.144988875317181,2
EIF6,chr2,GTGGTGCACGCATCCATCGC,-4.387588047784821,3
NFS1,chr2,CTAGTGAAAATGATCTCCCG,-4.4031896292472945,3
NFS1,chr2,ACCTCTCTACATGGACGTAC,-4.839398618023863,3
ZFP335,chr2,TCCTCGCGGAAGGTGCGGTA,-3.3224237797099696,2
ZFP335,chr2,CTACACCAGTGTCTACCGCA,-3.095510698010805,2
ZFP335,chr2,CCGAGACCTCGACGGAGGCC,-0.24298591852503576,1
ZFP335,chr2,CTCCAGATCGTCAATCGCCC,0.03965124131125977,1
NCOA3,chr2,CCTTCTTCCAGCATAGCGCG,-3.67791493687509,2
NCOA3,chr2,CAAGGAGAAACGATACACGG,-3.427532451456152,2
NCOA3,chr2,ATGATGGGCAGCCGGACCTA,-0.09197693219550779,1
CSE1L,chr2,ATAGTGAGTGCGCTGTACGA,-5.02442570436835,3
CSE1L,chr2,AGATAGCTGTGACAAAGCGA,-2.8986245907998898,1
CSE1L,chr2,TAGATATTGATACTAGACGC,-2.9248477549818785,1
DDX27,chr2,GCAGCCCACGCCAATCCAGA,-3.1319718419436233,2
DDX27,chr2,GGGATACACGCCTTCTGGAT,-2.7169023096719247,1
DDX27,chr2,TATGGAGGTGGTCGATGAGC,-3.949893494425182,3
PSMA7,chr2,GCTTCAGACTCGCAATGTAG,-4.864542756843999,3
PSMA7,chr2,CAGGTCTCACCGCTGATGCA,-4.663214693617867,3
PSMA7,chr2,AGTACGAAAAATCTGCGCCT,-0.19512571951655577,1
ACTL6A,chr3,CAATGCCCTCCGCGTGCCCA,-3.6727169415837952,2
ACTL6A,chr3,GACTGGAATCGCAGTGGTGT,-4.898550575491504,3
RPS3A,chr3,TTCCCACTTACATTCAAACT,0.7466422939157396,1
RPS3A,chr3,TCCCACTTACATTCAAACTT,0.675086256941789,1
RPS3A,chr3,CTCCATGGTCAAGAAGTGGC,-4.698297866896681,3
RPS3A,chr3,CTTAGAAAATGGATCGACCC,-3.3615368520602167,2
CCT3,chr3,CCCTTTGCTCAGATACCCGG,-3.984726900235361,3
CCT3,chr3,GACCGACATCGAGATTACCC,-4.61218465933136,3
PSMB4,chr3,GAAATCAGCGTAGTCTCCCG,-4.267817775654713,3
PSMB4,chr3,CTCGGGGTGAAGTTCGACGG,-3.516864296745141,2
PSMB4,chr3,CCCCATGGTGACCGGGACAT,-3.315611397125049,2
PSMD4,chr3,CTCCACAGGGCTACCGACAA,-3.792046724387556,2
VPS72,chr3,GTTAGTGGTCGCTCACAGTG,-3.7507957919925627,2
VPS72,chr3,GGTTAGTGGTCGCTCACAGT,-4.304807126086187,3
VPS72,chr3,GGGTTAGTGGTCGCTCACAG,-4.9027305111063075,3
PRPF3,chr3,GGCCGCACTGTGGATGCGAC,-2.3953832255470444,1
PRPF3,chr3,CTCAATGGCATCGTTCATAA,0.429785457806723,1
PRPF3,chr3,CAACCAGAGCGACTTCCCAT,-4.285969686024799,3
PRPF3,chr3,AGCAGCAACACGACAAATCG,-2.5926949265587282,1
PRPF3,chr3,CATCGGGGGTAAAGAAGCGG,-3.0385230713719342,2
WDR3,chr3,CCTTCTTCGTTCCCGGCGAT,-3.8467503062139383,2
WDR3,chr3,CAATACATACCTCAGTTCGG,-2.9005598829913373,1
WDR3,chr3,TTAAAGTACGATCAGCTAGG,-3.2756905265370753,2
WDR77,chr3,AGATGGTTCCCTTCTGCTCG,-4.256758527247733,3
WDR77,chr3,CTGAGTGGTCGCTGCTGGGT,-4.835931016738159,3
WDR77,chr3,AGAGCAGAAACCTTCGTTGG,-3.6725758925168863,2
WDR77,chr3,TAGCATCAAAATTTGGGACC,-0.5712035361151688,1
RNPC3,chr3,TACATCCCCTCAACCGCCTG,-3.346971590912972,2
RNPC3,chr3,GATTACTGCACGACCTCCTA,0.2118437478608726,1
RNPC3,chr3,CGTGCAGTAATCGGTCCAAA,0.9074526872229742,1
RNPC3,chr3,GAAGTACTTCGGGGCGCAGT,-6.137808840028086,3
RNPC3,chr3,GGACTTACTGAAGTACTTCG,-4.002525075092263,3
ALG14,chr3,GTCTCTCAGACTCTTGATCG,-5.098647141839119,3
ALG14,chr3,CTCTTGATCGTGGCTGGATC,-3.6501590948648257,2
ALG14,chr3,TGTCCAATGCCTATTCACCA,-2.1968532970986185,1
ALG14,chr3,TTCTCGGAATTCGGTGAAGG,0.7871782377610858,1
ALG14,chr3,CCTCCCGGCTTCTCGGAATT,0.21872378317240954,1
H2AFZ,chr3,GCAGCGAGCCGGCTTGCAGG,-2.4711880301468883,1
H2AFZ,chr3,ATAAAAATCAAGTTCCCTGT,-3.024487028250449,2
H2AFZ,chr3,CGTACTCCCGCTTACCTCTG,-6.4042264434403435,3
METAP1,chr3,TTCTTACTAAGTGTACAGCG,-4.022043980465929,3
METAP1,chr3,AGGGATGCGACTCGTGTGTA,-4.365299347002027,3
METAP1,chr3,AAGGGATGCGACTCGTGTGT,-4.1883412854556905,3
METAP1,chr3,CTTATGTAGTAACTTGTGAG,-4.08666269713931,3
GTF2B,chr3,ATTCAAGGAAATCACGACCA,-4.142250949941461,3
GTF2B,chr3,GAGGTTGATTCTGTCCGCCA,-5.7746738665219235,3
GTF2B,chr3,TTACAACTATATTGCGAGGG,-4.543605128064171,3
GTF2B,chr3,AACTTACAACTATATTGCGA,-4.244347431829287,3
GTF2B,chr3,GAACTTACAACTATATTGCG,-3.7408471887200077,2
RPS20,chr4,GTCTTGGAACCTTCACCACA,-4.635104119515991,3
RPS20,chr4,AGAAAAACACCTTGTGGTGA,-4.339421495584538,3
RPS20,chr4,ACCGGTGCGCATGCCTACCA,-3.7199642631293726,2
ORC3,chr4,CTGAATGAGGAAGCAGTCGG,-4.0852671850440005,3
ORC3,chr4,AGCAGTCGGTGGATAATAAC,0.3604928015915476,1
ORC3,chr4,CTGCAAGCTAAGGATTGTCC,-5.232706858748681,3
ORC3,chr4,TTGAAACATATAGCTTGCTA,1.023752908145407,1
SMU1,chr4,GAACCGAGCACACTCCACGT,-3.6882758694895315,2
SMU1,chr4,ATGACCATCGATTTGTTTCG,0.2762961173239384,1
SMU1,chr4,GGTGCCACCTTCTCGTCTCA,-0.6539648086091211,1
SMU1,chr4,ATCTTACTTTGATCCTCGTG,-4.500621896537824,3
SMU1,chr4,ATTGATAGAGCTTCGTGAAT,0.7047226690219938,1
EXOSC3,chr4,CGGCGGCGGCGTTTACTGGG,-3.7034873967989608,2
EXOSC3,chr4,CCCCGCAGCGTCGCAAACCT,-3.709664035428937,2
EXOSC3,chr4,GCCCAGGTTTGCGACGCTGC,-3.0810537350413814,2
ALG2,chr4,TAGGACCCTCTTACGCCGTC,0.06873379662502421,1
ALG2,chr4,CACCACGTCGAACTCCTCGC,-3.594443466051804,2
ALG2,chr4,AGCTCTCGGTGCAATGCGCA,-3.986335233315034,3
ALG2,chr4,GCATTGCACCGAGAGCTCGC,-4.0309367238422,3
RNF20,chr4,TGTTGATTGTGAACCGGTAC,-2.5832743869419206,1
RNF20,chr4,CTGCATGCAGCGATACTCTG,-4.073564728309648,3
RNF20,chr4,GACTGCATGCAGCGATACTC,-0.3393418379277567,1
RNF20,chr4,TGCCGCATCTCCCGGTTTAT,0.3957921709336688,1
TXN1,chr4,CACTTCAAGGAACACCACAT,-3.3021302073484327,2
TXN1,chr4,CTGTGACAAGTATTCCAATG,-3.7434657035236945,2
CDC26,chr4,GGAGTTTGAGAGCATTCGCA,-0.14124369701503278,1
CDC26,chr4,CGTCGAGCTTGAGCTCTAAG,-3.1544179572720847,2
CDC26,chr4,AGCTTGAGCTCTAAGCGGGT,-3.6881842042056814,2
PRPF38A,chr4,TTGGCCTCATACCTCCATTT,-0.4353536886280497,1
PRPF38A,chr4,TGGTAGGTATGTCCGGATGC,-4.0108044427164184,3
PRPF38A,chr4,ATGGAGTTAAAGTTCGTTGG,-3.8103183537242535,2
PRPF38A,chr4,GCCATGGAGTTAAAGTTCGT,-0.6016549815924902,1
RPS8,chr4,CCCCGCACGCACCTTCGTGT,-3.9922326987688805,3
RPS8,chr4,ACGGCCCGCTGCCAACACGA,-2.989426199920966,2
YARS,chr4,GGAGAGTATTGGCGTGCCCT,-4.10531719363762,3
YARS,chr4,ACACGACGCCAAGAAAGCGG,-2.621674279532369,1
YARS,chr4,CTGATCAACACCGCCGAACT,-3.516864296745141,2
YARS,chr4,CGACCTCCTTGATCGGAAGG,-3.1343814373674945,2
YARS,chr4,CGTCCTCCTTCCGATCAAGG,-6.1995141410530845,3
RBBP4,chr4,ATGTCCACGGAGACGCAAAT,0.5697094740400326,1
RBBP4,chr4,GTCCACGGAGACGCAAATCG,-4.707701886565073,3
RBBP4,chr4,GGGGTTCTGAGGCATGTACC,-3.5354194775591985,2
EIF3I,chr4,CTGCGATGACGCACTCCCCG,-2.7888220246898476,1
EIF3I,chr4,GCGATGACGCACTCCCCGAG,-3.4007617936609877,2
RCC1,chr4,TTGGTGATGCTCACGAACGA,-3.6958560908391247,2
RCC1,chr4,AGTGCAGCTGGATGCGCCCG,-2.1661641759709287,1
RCC1,chr4,CTGCAATGACGAGGGTGCCC,-3.4100843131454996,2
RPA2,chr4,ACCCACTGACGAACATCCAT,-3.299271764627129,2
GPN2,chr4,AACCTGGACCCCGCTAACGA,-3.0141834802828833,2
GPN2,chr4,TAAGGCAGTCCGTCGTTAGC,0.10839458017473654,1
GPN2,chr4,TTACGAGTGTGCGGTGGACG,-2.7898525166822346,1
GPN2,chr4,TACTTTCTCTTCGACTGCCC,-4.8626013938289585,3
GPN2,chr4,TTGGGAGAAGATGCTGCGTA,-2.5557487030587467,1
TARDBP,chr4,ACTGGTCACTCGAAAGGGTT,-2.1466769435206845,1
TARDBP,chr4,TATGAGAGGAGTCCGACTGG,-4.2691668555000755,3
TARDBP,chr4,GTGTATGAGAGGAGTCCGAC,-3.499612117311843,2
TARDBP,chr4,ACACGGGATTCCGGTAGCGC,-2.8725437928292994,1
CPSF3L,chr4,CATGACCCCAGACCGGCATT,0.30548357580501123,1
CPSF3L,chr4,ATGACCCCAGACCGGCATTT,-0.8448728288322909,1
CPSF3L,chr4,TGACCCCAGACCGGCATTTG,0.007669091230951441,1
CPSF3L,chr4,TTACCCCAAATGCCGGTCTG,-3.474524545944271,2
CPSF3L,chr4,CTTACCCCAAATGCCGGTCT,-3.9670925296528186,3
NOC2L,chr4,CCTCTGTTTCGCTCGCTTCC,0.9420957066901794,1
NOC2L,chr4,AGCCTGTCTAGCGGAAGCCA,-4.106570420908769,3
PMPCB,chr5,GTTGGGCTGTGGATCGATGC,-3.6660971544240315,2
PMPCB,chr5,AAGCAGAGATTGAGCGTGAG,-4.4690582645514425,3
PMPCB,chr5,TTACAGATCTATAAATCGTA,0.24256321978460182,1
PMPCB,chr5,GAAATATAACTAACCTCCGG,-4.731606798380016,3
EIF2B4,chr5,CGTGAAGCAGTGCGATGCAC,-3.5340855706204084,2
EIF2B4,chr5,CAGTGCGATGCACCGGGCAT,-2.7850868188426032,1
EIF2B4,chr5,GATCCGTAATCCTTTCGTGT,-4.254634164196837,3
PPP1CB,chr5,GAGACTTGATACACAACCCT,-3.8480556362662917,2
LETM1,chr5,GGAAGAGGTCCGCACAAATC,0.9430421887820108,1
LETM1,chr5,ATGGCCATACGCTGACCCGC,-3.6009857642558614,2
LETM1,chr5,AGATCGCTGCCCGGATGCTC,-4.239084298510944,3
POLR2B,chr5,AAACTTCATCGGTTCAAGAG,-4.283963958991955,3
POLR2B,chr5,TAGGAGAGTTTAGACGACGC,-3.588211696703164,2
SDAD1,chr5,AACCTCATCTCCAGATTGGT,-4.385410876042999,3
SDAD1,chr5,GCCCACAGCGAGAGACCTGC,-2.951023795952878,2
SDAD1,chr5,CTTCCTACCATGCGGAGATC,-0.2731352761662283,1
SDAD1,chr5,TTCCTACCATGCGGAGATCT,-2.9859455002727833,2
SDAD1,chr5,CTTAGACCCAGATCTCCGCA,-3.777659221273632,2
RPL5,chr5,ATATTATATACATACCCTGC,-2.5827434066333055,1
RPL5,chr5,ATACTATCTATTACCTATGA,-3.4182873362181785,2
NOC4L,chr5,CAGCTGCTGTAACCGCCTAG,-2.396312531609661,1
NOC4L,chr5,CCAGCAAGGTACCGAAGAGT,-3.8274000019788015,2
HSCB,chr5,AGGCTGAAGTAGTCACGAGT,-4.047173670559816,3
HSCB,chr5,CTGGAACTGCGGTCACGCAA,-4.933769082459939,3
HSCB,chr5,GCTGGAACTGCGGTCACGCA,-2.0571078062640207,1
ISCU,chr5,TTATGAAAACCCTCGGAACG,-4.200437375720611,3
ISCU,chr5,TATGAAAACCCTCGGAACGT,-3.2303382553460036,2
ISCU,chr5,CAAGGGATCCCACGTTCCGA,-3.5625941698417947,2
POP5,chr5,CGCCGAAGGCCCCGTGCACC,-2.2570313616135618,1
POP5,chr5,CAGTAGCACGACTCCAGTGT,-4.479879629687548,3
POP5,chr5,GAGTCGTGCTACTGCGATGC,-4.694874973780242,3
TRIAP1,chr5,GTTTGAAGAGGTCGGTGCAC,-3.358955057849691,2
TRIAP1,chr5,CGTTTGAAGAGGTCGGTGCA,-2.2111899630859426,1
TRIAP1,chr5,CTGGTAGCGTTTGAAGAGGT,-4.6588494641758595,3
RPLP0,chr5,AGATCCGCATGTCGCTCCGA,-3.2197340562762102,2
RPLP0,chr5,CCGCATGTCGCTCCGAGGGA,-3.592790936379793,2
RFC5,chr5,CCTTGCAGTCTCGGTGCACG,-3.1807124249796663,2
RFC5,chr5,GCCCAGAACGCCTTGAGACG,-3.689555856552449,2
RFC5,chr5,CCCGAACAATATCGATCCCT,-3.157672496733639,2
DDX54,chr5,TCCTCCTCCCGATGTTTGAG,-3.7318770045559875,2
DDX54,chr5,TCAGCCGCTCAAACATCGGG,-3.567923414512119,2
DDX54,chr5,GGTCCAAGGCACTATAGATG,-4.19264119582557,3
RPL6,chr5,CGGTGGGATAATACCTAGGC,-3.274697296612129,2
RPL6,chr5,CACTCCTCACCTTGCCCCTG,-3.941506488025932,3
GPN3,chr5,TAGTTGAAGTGTTCTGCCGC,-4.07711086163648,3
GPN3,chr5,TCTCTGCGGTTCGGCCCCAA,-3.40898259569283,2
ATP2A2,chr5,CTCAATACTGACCGAGTTGC,-0.017579550464157295,1
ATP2A2,chr5,GCTGTTGCCGCAATCCCTGA,-3.1598741843048,2
ATP2A2,chr5,ATACTGAGATCGGCAAGATC,-3.784870907920378,2
ATP2A2,chr5,TTGGTAGCCAATGCAATCGT,-4.051822931497792,3
EIF2B1,chr5,ATACACACTGAACCGTTTCT,0.36872405939206876,1
EIF2B1,chr5,AGTGGCCGTGTCATCTGGCG,-4.417269892214614,3
RAN,chr5,CTGTTCCCCGCAGCCACCCT,-3.3920831518723595,2
RAN,chr5,CGCGATGGCTACTACATCCA,-4.4273655157198295,3
CRCP,chr5,CTTGGACAATCGCTGGACTC,-3.843827844955353,2
POLR2J,chr5,GCAGCTGTTGAAGGACCCGC,-3.7704113023571555,2
POLR2J,chr5,ATCTTGTGCTCCAAGGGGTG,-3.628051420892599,2
POLR2J,chr5,TGATGATCTTGTGCTCCAAG,-5.494492762595835,3
COPS6,chr5,GGGAGCGCATGCGGATCCAA,-3.6091343010639276,2
COPS6,chr5,CAGGAGGGGCGGCCTATGCA,-3.6727169415837952,2
MCM7,chr5,TCTATTGCTCCGGAGATCTA,-0.23140192008558313,1
MCM7,chr5,GAACCACTGTGATGCTACGA,-4.051368225980164,3
MCM7,chr5,CGTACTTCCCGGATCACTCG,-4.150948898776177,3
MCM7,chr5,AAATTGAGTCGACCAACTCA,-3.4807775689888616,2
HEATR2,chr5,CACCTCGCCGTAGACCTGGG,-3.9221154519694594,3
HEATR2,chr5,GTAGCCGTTATCGAAGCCAC,-3.649200610646788,2
ACTB,chr5,AGTGTGGGTGACCCCGTCTC,-3.6009965289638535,2
ACTB,chr5,GGACTCCTATGTGGGTGACG,-3.390191122811456,2
ACTB,chr5,GTGCCTAGGGCGGCCCACGA,-2.432592122206309,1
ATP5J2,chr5,AAGTACATCAACGTTCGGAA,-4.202896428009959,3
ATP5J2,chr5,TGATGTACTTGTTGTAATAC,-0.9790835174079813,1
ATP5J2,chr5,CCTCTCTTGCAGGGTATGAC,0.2774389901437753,1
ATP5J2,chr5,CCGACCTCTCCGAAAGGCTC,-3.8905039244238058,3
ATP5J2,chr5,GTGGCATTGCCGGAGCCTTT,-0.0855522485166135,1
NRF1,chr6,CGTCGTGTACTCATCCAACG,-4.716557264894134,3
NRF1,chr6,GATGAGTACACGACGCGAGT,-3.1655113999459092,2
NRF1,chr6,ATTAACCTCCTGTGGCGCAG,-3.6881842042056814,2
NRF1,chr6,TCAAGTATTCCACAGGTCGG,-4.097744743938804,3
NRF1,chr6,GCCTGGTTTCCCCCGACCTG,-4.243223068792795,3
GARS,chr6,GAGGAGGTTTTTCTACGATC,-0.19874169305965425,1
GARS,chr6,AGTCAGCAAATTTGTCTACG,-0.5517241616858332,1
GARS,chr6,TAAGTTAAAAGGTACCGGAG,-4.082789196103548,3
GARS,chr6,GGTCTGGACTGATCCGAGTC,-4.3443111611368135,3
VMN1R20,chr6,ATAATGGTGTTCCTCACCGG,-0.17223454721061765,1
VMN1R20,chr6,GCAACAGGTCCCCTCCGGTG,-2.8361085865110462,1
VMN1R20,chr6,GGTATGACACAGTCATCCTG,-3.516669090284501,2
CHMP3,chr6,ATGGGCATGAAGAACCAACT,-3.3329302443332836,2
CHMP3,chr6,GTACCTGGGCCTTACCGAGT,-3.7484464779368647,2
CHMP3,chr6,TCAGCGGTCCTGCGAGTAGC,0.37169824473205526,1
CHMP3,chr6,TTTGGACAGCTCCCGCATGG,-3.581282290896281,2
POLR1A,chr6,CCTCGATACGTGGACTACCT,0.6817759922804821,1
POLR1A,chr6,TACCGTCCCGTCAATCGCCT,-4.631063244794131,3
POLR1A,chr6,CACCCAGGCGATTGACGGGA,-2.886359522357603,1
CCT7,chr6,ATAAGTTTGTCCATGCCACG,-4.865332923948361,3
CCT7,chr6,CTGCAGGATGGACAACATCG,-4.1457614821649,3
CCT7,chr6,TTTCCGCACAGCCACCCAAT,0.11791847494036051,1
CCT7,chr6,ATGTAGCCATACCAATTGGG,-5.043853977577802,3
SEC61A1,chr6,GGCGGTAGAATGCCTCTCGA,-0.15203113363854054,1
SEC61A1,chr6,TGTGATGACGGGCATGTACG,-4.136955397926839,3
MCM2,chr6,TCTCCTGGATGCGGATACGT,-3.4881347411374874,2
MCM2,chr6,TTGGTGATACGGTCATATTT,0.40439740641622024,1
MCM2,chr6,AGGGCCACTCGGTGCGCGAG,-2.5000280963364743,1
MCM2,chr6,CTGTGGCGCGTTCTACGTGG,-3.8380202542661133,2
MCM2,chr6,CTCGATGTCTACGAGGCCGA,-2.561640931492952,1
LSM3,chr6,AGAAATGACCGAGAGCTTCG,-3.4568099424934156,2
LSM3,chr6,GTAGTCTGCCTCGAAGCTCT,-3.93309651215487,3
LSM3,chr6,CAACATTTAAATATGATCCT,-0.6124128630217377,1
C130022K22RIK,chr6,CACGAGAGAGTCCCAAATCG,-3.567923414512119,2
C130022K22RIK,chr6,CTCGATTTGGGACTCTCTCG,-4.62699346265399,3
C130022K22RIK,chr6,GTGGATTACGTGGACTCTTT,0.0069197639105877395,1
C130022K22RIK,chr6,TGGACTCTTTGGGCCGATCC,-0.8247168756469053,1
C130022K22RIK,chr6,AATCCTTTCTCATGCAGCGC,0.20555986078235203,1
SHQ1,chr6,CCAAACCATAGTACACTTGA,-0.04310209841840186,1
SHQ1,chr6,TCACTCCTGTGACTGAACGG,-4.354131830314579,3
SHQ1,chr6,CGGTGTGGTTCAGCGGTTAC,-0.042221548294433864,1
SHQ1,chr6,TCGCCTCAGAAAGTACGGCT,-3.4458468190587537,2
RPL32,chr6,GTTGCTCCCATAACCGATGT,-5.027303085401724,3
RPL32,chr6,TGATGCCCAACATCGGTTAT,0.05115838362230912,1
RPL32,chr6,AACCCAGAGGCATTGACAAC,-4.439121807620888,3
NANOG,chr6,TCTGAACCTGAGCTATAAGC,-2.358769879173739,1
NANOG,chr6,TCACTCTGCAGGTTAAGACC,-4.049784390459228,3
NANOG,chr6,AAAGGATGAAGTGCAAGCGG,-3.489689363622758,2
EMG1,chr6,AGAACCTTTGACCGATTTTG,0.4689745192621412,1
EMG1,chr6,TTCTAGGAATTCGAGTCTGG,-4.939666989730223,3
EMG1,chr6,GCAAGCCAGCTCGGTTCAGG,-3.875482838269164,2
EMG1,chr6,GACAGCCCCCTGAACCGAGC,-3.2303382553460036,2
PHB2,chr6,GCCATCTTTTTTAATCGTAT,0.4984720514944829,1
PHB2,chr6,TCGTATTGGTGGCGTGCAGC,-0.3150529760026431,1
PHB2,chr6,GGAGGAGATTTTTCGAGGTC,-0.2562955772225441,1
PHB2,chr6,CCCAGCATGTACCAGCGTCT,-4.915126646221578,3
PHB2,chr6,CATGTACCAGCGTCTAGGGC,-3.4381126180371426,2
NCAPD2,chr6,CTGAGTCCCCTTTCGGGTTG,-0.14979994568493302,1
NCAPD2,chr6,AGCTGCAGCACTAGACCCGG,-3.35185754753253,2
NCAPD2,chr6,GTTAGCAGCTATAGCCGAGA,-2.962718050846764,2
NCAPD2,chr6,AGGACTCCAAAAGGCGTATC,0.6302739601796491,1
RPS5,chr7,AGCATACCGTCCGGCACTGT,-5.686353584879036,3
RPS5,chr7,GCGCTTGGCAGCATACCGTC,-5.309638790229192,3
RPS5,chr7,TTGTGCTTTGCGGAAGCGCT,-4.581092599952509,3
RPS5,chr7,TTAGTAAGGCGCTCCACGAT,-4.51013539699044,3
RPS5,chr7,ATGATGCATGGTCGTAACAA,-4.252184635875336,3
CHMP2A,chr7,CAAACTTGCGTACATATCTC,0.00461708640341419,1
CHMP2A,chr7,AAACTTGCGTACATATCTCC,-5.124786078534262,3
CHMP2A,chr7,CATATCTCCGGGTACGCACC,-3.3806651468578806,2
CHMP2A,chr7,GCAGGATGCTGTTCGAATCA,-1.091958963341709,1
NAPA,chr7,CTTGAACATGTTCGCCGCTC,-2.338372930070854,1
NAPA,chr7,TGCTGGGAACGCTTTCTGCC,-0.22886168153455988,1
NAPA,chr7,TGTCTCATAGATCTCAGCGA,-4.682210302302601,3
NAPA,chr7,AGATTGCTCATAGTGGGCGA,-5.607672600122825,3
CD3EAP,chr7,AGCCCTCCCGTCACGGGGCC,-0.1839961874159085,1
CD3EAP,chr7,GCGGCAGCCCTCCCGTCACG,-3.217110613392194,2
CD3EAP,chr7,CATTGTGGGGCGAAGTCTGC,-4.055824823393459,3
CD3EAP,chr7,ATTGTGGGGCGAAGTCTGCA,-4.378082526603489,3
CD3EAP,chr7,CTGCAGACTTCGCCCCACAA,-3.726142066095147,2
VMN1R143,chr7,ACAGTAAGGGACAGATACTG,-4.712585237132041,3
VMN1R143,chr7,AACAGTAAGGGACAGATACT,-2.3233564398037316,1
PSMD8,chr7,GCCATGTAGCGCTCGAAGGA,-5.75587676795532,3
PSMD8,chr7,CTTGAGTTGCTCGTACATGC,-4.437382735078149,3
PSMD8,chr7,CGTCTCGAGCTCCGGACCCG,-0.06708122210698414,1
TBCB,chr7,CACCAGAAGCTTACGAACGG,-3.740207317269406,2
TBCB,chr7,TCTCACCAGAAGCTTACGAA,-4.647025642459525,3
UBA2,chr7,GTGTTCCGAATCGTACAGCC,-4.004474450597869,3
UBA2,chr7,TACAGCCAGGGAACGTCCTC,-0.4932921756599813,1
UBA2,chr7,CCAGACACATCCTATTCACG,-5.3356205698280945,3
PDCD2L,chr7,GCGGCAACAGCCAGACGCGC,-2.5788163976407548,1
PDCD2L,chr7,ACGTACAGAAGCCGATGGAA,-3.172284769807283,2
PDCD2L,chr7,ACCTGCACGACGAGCGTGAG,-2.158027815690294,1
PDCD2L,chr7,CTGCGGCCCCGGAGTGGTAA,-3.472889692251653,2
PDCD2L,chr7,TGCCGGCCGTTACCACTCCG,-2.845102004240162,1
POLD1,chr7,CAGCGTTGAGCGTGTAGGAG,-5.318329266386659,3
POLD1,chr7,TGGAGCGGAGACCAGTCACG,-3.0908031089983736,2
POLD1,chr7,TTCGTAGGGTGCGAAGCTCG,-2.7508365692046612,1
RPS11,chr7,TTCATCTTCGTCACGACACC,-1.0640123164255306,1
RPS11,chr7,ACTGGTAACGTCTCCATCCG,-4.218419133611749,3
RPS11,chr7,CTTAACTTTGCAGGCTATTG,0.3686254911416373,1
RPS11,chr7,TACTACAAGAATATCGGTCT,-4.104191682874971,3
RPL13A,chr7,TGCAAGGCTCACCTTGTCAT,-4.647025642459525,3
RPL13A,chr7,GCAAGGCTCACCTTGTCATA,-4.465952032569684,3
RPL13A,chr7,GATCCCTCCACCCTATGACA,-4.319695394911738,3
RPL13A,chr7,TGTCCTGACAGTAAAGTATC,-0.44957997358863644,1
SNRNP70,chr7,TACTGCACTCACCTAGGCGC,-3.8841779319066827,3
SNRNP70,chr7,GCCATCTGCGTGCTTGTAAG,0,1
SNRNP70,chr7,TTCATGCTCATACTCGATGA,-4.573972460661166,3
SNRNP70,chr7,AAAAATTGAACGGCGACAGC,-0.20454077795200695,1
RPL18,chr7,CTACCTGCGGCTGCTTGTCA,-4.232713498166712,3
RPL18,chr7,CCTTTCCCTTGCAGCTGTAC,0.43631554460310407,1
RPL18,chr7,GAACAAGACTGCCGTGGTTG,-4.456746169234081,3
RPL18,chr7,ACAAGACTGCCGTGGTTGTG,-4.143876601893257,3
NDNL2,chr7,AGCGCCTGCAATACGTGTTC,-0.18383810516269303,1
NDNL2,chr7,GCACGTGGTGGGCGACTACC,-0.08198942416206917,1
NDNL2,chr7,AGAAGAAGATCCCGATCAAG,-4.0411455320814635,3
NDNL2,chr7,GAGTGCGCGGCCCCACGGTC,-3.109170971270052,2
NDNL2,chr7,GCCCCACGGTCGGGGCCGAC,0.7935008120141995,1
EFTUD1,chr7,GTGTTTACCAGTGCGATAGA,-3.9085039828168187,3
EFTUD1,chr7,TGGCAGAGACTCAAACGTCT,0.8036569377958064,1
EFTUD1,chr7,TTCAGTGGCATAGCTCGAAG,-3.3701278696905224,2
CLNS1A,chr7,CGAGGCTGTGCTGAACGGGA,-3.071298707162771,2
CLNS1A,chr7,GCACGCTTTACATCGCGGAG,-3.0175075775968168,2
RPS3,chr7,GAACCGAAGCACACCATAGC,-2.7152367198396092,1
RPS3,chr7,CTACGCTACAAACTCCTTGG,-5.0591529662710775,3
RPS3,chr7,CTCACCTCTACGCTGCCTTC,-0.44234875068276425,1
RPS3,chr7,TCACCTCTACGCTGCCTTCA,-0.23596862944943833,1
RPS3,chr7,AAGTCCGAGTTACACCAACC,-4.598736823373781,3
RRM1,chr7,AACTACATAAATCCGCACAA,-4.093748755109363,3
RRM1,chr7,GCCTTGATTTCTAAGTCCGC,-0.46745438835628017,1
RRM1,chr7,TTGATTTCTAAGTCCGCTGG,-5.212665603435592,3
RRM1,chr7,CCACTGGTAGCTACATCGCT,-3.1697189673586057,2
RRM1,chr7,GGTAAATAGCAAACGCGCCT,-3.069250829845296,2
EIF3F,chr7,AAGGCGCCGGCGTCTGCGCT,-2.79796236299378,1
EIF3F,chr7,CGATCGAGGCCAAAATGACG,-3.777659221273632,2
EIF3F,chr7,TTCGTAGCTGTCCACGATCG,-3.978826134445953,3
PSMA1,chr7,GCCCAACACCATACGGCCTC,-3.274101066991874,2
PSMA1,chr7,GGCCGGAGGCCGTATGGTGT,-4.103234957617859,3
PSMA1,chr7,CAACACAGCGATATGGCCGG,-2.468865434358858,1
PSMA1,chr7,TCCCAACACAGCGATATGGC,-3.516864296745141,2
POLR3E,chr7,CCTTTGCTGCGGCAGTAGTT,0.09643676682773025,1
POLR3E,chr7,AGGCTCATGAGATTAGCGAA,-4.158397676413948,3
POLR3E,chr7,GAGGCTCATGAGATTAGCGA,-5.538628063699949,3
PLK1,chr7,AGCCGGCGGCAGTATGTACG,-3.4817924994090883,2
PLK1,chr7,CATGGAAGCCTACGACGTGT,-3.445884423284788,2
PLK1,chr7,CTATCTGTCGCAGGTAGTAG,-4.815355811312738,3
PLK1,chr7,GTCATTGAGCAACTCGTGAA,-4.312711413148184,3
EIF3C,chr7,ATGCAGCCTCGTACACGCAG,-2.8751887335709814,1
EIF3C,chr7,GAGTGGGAACGGGTCCGAGG,-2.1715766282961737,1
EIF3C,chr7,AGTATTCGGATGTAGAATCG,-3.5511036953049615,2
EIF3C,chr7,ACGGATGGTTCGTATGAGGT,-5.125098426145312,3
PPP4C,chr7,GATGAGTGCTTACGGAAATA,0.2139364413102762,1
PPP4C,chr7,GACAGAATCACTTTGATCCG,-4.997692258811705,3
PPP4C,chr7,ATGGGAGACTTTGTGGACCG,-4.573972460661166,3
PPP4C,chr7,CAGGTATGCGGTGACATCCA,-4.284251581492196,3
PPP4C,chr7,TAGAAGAGAGCAACGTGCAG,-3.0515622802764892,2
ALDOA,chr7,CTGGGTAGTTGTCTCGCCAT,-3.819793482585445,2
ALDOA,chr7,CCTTCTGGTACAGTGTCTCG,-4.929253698546114,3
ALDOA,chr7,GGTACAGTGTCTCGTGGAAG,-3.51680453359775,2
KAT8,chr7,GCCAGGTGCTATCCGGCCGC,-3.026404604599367,2
KAT8,chr7,TTAACAGGCGACTGGACGAA,-3.9412324804479892,3
BUB3,chr7,AATTGGCGGGCACATCGTAG,-3.1933659248131248,2
BUB3,chr7,GTTACCATCACGTTCACTTC,0.5883473260176231,1
RPLP2,chr7,CAAGAAAATACTAGACAGCG,-4.0710384069763785,3
RPLP2,chr7,AAGAAAATACTAGACAGCGT,-4.762571063185057,3
TRAPPC5,chr8,GGCGCATTGCTCTTCGTCAA,-5.047326076754147,3
GINS4,chr8,CAGCATCCATCGCATGGAGA,-3.5602308970442422,2
GINS4,chr8,TGAGATTGTCGAATGCGTCA,-3.9950957755798777,3
FNTA,chr8,ATTCCACTAATACTCGCCTG,-4.990701183070705,3
FNTA,chr8,CTGTTCTGCAGCGCGATGAG,-4.360070391340887,3
FNTA,chr8,CTCAGAAACCCGTCGTCCAT,-2.998260563732898,2
FNTA,chr8,GGAAGCGGCGGCGTCCCCTA,0.6198650921427987,1
MAK16,chr8,GAGTAAGAAGGTTGAACGAA,-3.8022776500240756,2
MAK16,chr8,TAAGTTTTCTGATTCGAATC,0.07369867395129669,1
MAK16,chr8,TTCCCAGGCGTCTCTGGGAA,-2.1008967033502564,1
MAK16,chr8,GCTCTATAACCTTCATGTAC,-2.462891929970919,1
MAK16,chr8,CAATCGGTCGTCCTGTCCTC,-4.505913601759713,3
DCTN6,chr8,GCCCACTTCAAATACGTTGT,-0.01580478546500297,1
DCTN6,chr8,GGGCCAATAATCATCGGTGA,-4.165572647450425,3
DCTN6,chr8,GCACGAATTATCGCGGAGGC,-3.8406112668271026,2
DCTN6,chr8,TAAAGCACGAATTATCGCGG,-4.682210302302601,3
DDX49,chr8,GCTTGATCAGCGCTATTTGT,-0.1518892507676798,1
DDX49,chr8,AGGTGATGGATGAGGCCGAC,-2.8865788858793486,1
DDX49,chr8,AAGTGTTGGAACTGCGCAGG,-3.8618655291669324,2
DDX49,chr8,TGCCTAGGTCGGGACTGCTT,0.28464011472014383,1
FARSA,chr8,TCTGCACCAGGCCCTCGAGA,-3.633307360575654,2
FARSA,chr8,GAGTGCCGCCGACGGGCCCC,-2.3571891978235286,1
FARSA,chr8,CTCACCACTCGGAACACCCG,-3.3124775516160017,2
FARSA,chr8,CTCTCAATGAAATTGTCCGT,-5.019064964497758,3
ORC6,chr8,CTGTCTCCTAGCTACGAGTC,-3.4147232412261377,2
ORC6,chr8,AGTGCGGCAGTGGTGAAAAG,-3.062458835594058,2
ORC6,chr8,TGCTGAGAGTAGTGCGGCAG,-4.193355724288175,3
FAM96B,chr8,GCTCCGGGTCATTAATGGAG,-2.5998449582200336,1
FAM96B,chr8,ACGGATATCGAAGATCTCCC,-4.617620300375672,3
FAM96B,chr8,GCCGGACAGCATCGACGCCC,-3.6091343010639276,2
ATP6V0D1,chr8,GCTCAAAGCTGCCTAGCGGA,-3.1142851543155134,2
ATP6V0D1,chr8,CGTCAGAGGTGACGCTTCAT,0.3910666551362735,1
ATP6V0D1,chr8,GTGCAGTGCGAGACGCTCGA,-3.777659221273632,2
ATP6V0D1,chr8,GGTGCAGTGCGAGACGCTCG,-3.835867329277457,2
CIRH1A,chr8,CTGCGACGTGGGTACCCGCA,-2.95147499849733,2
CIRH1A,chr8,AGGGAGCATAATTCGTAAGA,0.6038897223481952,1
CIRH1A,chr8,GGTGTTGCCTTCTTGTCCGA,-5.223879642065045,3
CIRH1A,chr8,TGAGAGGCCGAATAACCAGG,-2.8759595288516584,1
NIP7,chr8,CCGACGGCACGTACTGTTTC,-0.3991117072403278,1
NIP7,chr8,ACGACCGAGTGTACTATGTG,-4.561042777386863,3
NIP7,chr8,GGAGACAAGCTCGTGTCGCT,-4.065126926307899,3
NIP7,chr8,TCACGTGCAAGCGGAACTTG,-2.377269959166486,1
SF3B3,chr8,AGTCTGGCCAACGTGCCCCC,-2.428948438800007,1
SF3B3,chr8,CTTCACAATCGTTTTCTTGC,0.11512769325049277,1
SF3B3,chr8,ATGCTGTCTGGACAGTCCGT,-5.066459120248022,3
SF3B3,chr8,GACCTGGATGACCCTGAACG,-3.8550718158179054,2
SF3B3,chr8,TCCGGTCACTTATGGCGTTT,0.3725309242112118,1
GINS2,chr8,ACTGGAACAGATGCGTGATG,-3.07918904212677,2
GINS2,chr8,CCCACATCCATCCATTCCGG,-4.203963474499103,3
GINS2,chr8,TACCCGTGGACGTGCCCCTG,-2.9385994543461535,1
GINS2,chr8,CTTCAACCCCGGCTTACCCG,-2.7302571067283865,1
PPAN,chr9,CCTGGATGTGCGGCGGGTCA,-3.8324759712244223,2
PPAN,chr9,GTGCATCCGGTGTCGGCGCA,-2.8310346835046998,1
PPAN,chr9,CCGTGTGCACGTTGATGGAC,-3.459519328640139,2
PPAN,chr9,GTTCCCGTGGGTGCAAGCCG,-2.5387856027911577,1
FDX1L,chr9,GGCAAGCGGATCCCGGTGAG,-3.001857947766377,2
FDX1L,chr9,CAGGGTCAACGTGGTGTTCG,-3.6759544445371146,2
FDX1L,chr9,CGAGGGGCACTCACACGTCC,-2.906387494941205,1
HSPA8,chr9,GAAAGCAACATAGCTTGGCG,-4.12317921761347,3
HSPA8,chr9,AGAAGCGTACCTCGGAAAGG,-3.2719923967292983,2
HSPA8,chr9,TGTGACCACAGCGTTGGTAA,-2.8859164651808396,1
HSPA8,chr9,TATGTATTTACCTGCACCAT,-3.692731345752093,2
DPAGT1,chr9,GCTCCTCCACGAAGCAGTTC,0.03695614111630907,1
DPAGT1,chr9,TGTGGCGCCAGCGGAGATTG,-3.8274000019788015,2
DPAGT1,chr9,TCCTGTACTACGTCTACATG,-4.847848727769204,3
DPAGT1,chr9,GCCCCATGTAGACGTAGTAC,-0.8534107138836824,1
HYOU1,chr9,AGGTGATAGTGCAGCCGGCA,-3.1765201899260913,2
HYOU1,chr9,CAGGACGGTTTTAAGCCGGT,-2.5963355321986503,1
HYOU1,chr9,CCTTGCTGAGCGCCGCTGCC,0.9602118648091443,1
PSMA4,chr9,GTTAAAGGCAAACGTCCCTT,-0.3417094989923224,1
PSMA4,chr9,GACCCAAGTGGAAACTATGG,-2.7888220246898476,1
IMP3,chr9,GCGCCAGCTCGCGCACCGCT,-0.07022835698937471,1
IMP3,chr9,GGAATGGGTCGCGTTCCGGC,-2.9768863997204114,2
IMP3,chr9,GCGCGCCTCGGCGGCGCTGT,0.8820664795025641,1
IMP3,chr9,GTTGGACAAGCTGTACGCTA,-4.250114363779609,3
IMP3,chr9,TTGGACAAGCTGTACGCTAT,-4.156251313894243,3
SNUPN,chr9,TTTCTCTTCCAGCAAGCGGT,-3.192959777579423,2
SNUPN,chr9,TGGGAAAAGAGCCCTTATCG,-3.400714029317876,2
SNUPN,chr9,GAGCCCTTATCGTGGCCTCC,0.24802130211415815,1
SNUPN,chr9,CCCTTCTGCCCGGAGGCAAC,0.4587036142209996,1
PKM,chr9,AGCAAGATCTACGTGGACGA,-3.9882558243136974,3
PKM,chr9,GCAAGATCTACGTGGACGAT,-2.7981583667171623,1
PKM,chr9,AAGAAGGGCGTGAACCTGCC,-3.3672404564343026,2
RPL4,chr9,CAACCAAAACCTGGCGTCGT,-3.848203463727478,2
RPL4,chr9,GTGCCAACGACGCCAGGTTT,-4.160689114177412,3
RPL4,chr9,TCTGCGGTGCCAACGACGCC,-3.0247088184406685,2
RPL4,chr9,GCAAAATGAGAAACCGACGG,-5.5476101021643744,3
RPL4,chr9,CCCTGCGCTGGATCCGCCGT,-3.07379999942881,2
RPL29,chr9,GTTACCCTACAGCCCGCAAA,-3.004879118457338,2
RPL29,chr9,TCAGGAACTTGGGGTCAACC,-3.1116947048213364,2
RRP9,chr9,TGAAGCCCGTGCATTCGAGG,-4.0146332040246,3
RRP9,chr9,ACCGACATTCGAGTTTTGCG,-0.643697280307888,1
RRP9,chr9,AGCGTCCCGGTGTCCCGTGA,-3.3807027926080155,2
RAD54L2,chr9,ATGTCCGCCTCATGCGCTAC,-3.343048863885735,2
RAD54L2,chr9,AGATTTCCTTGGTACTCGTC,-1.065340516291853,1
RAD54L2,chr9,CTGTTTTGGCTGGCGTATGG,-4.0260994401130885,3
RAD54L2,chr9,GATGAAAAGAGTAGTCGAGA,-3.820316393930717,2
QARS,chr9,GGTGAGAACTACAAGACGCC,-3.7110785506139137,2
QARS,chr9,ACTTTGTAAGGTGTATAACC,0.7267071360031088,1
QARS,chr9,GGGCCGTGGAACTCATCCAT,-2.993048166222347,2
UBA1,chrX,CATTGGTAAAAATCGAGCGG,-4.113234657127405,3
UBA1,chrX,TAGCCGTGGTATCAAGCTAG,-4.839398618023863,3
UBA1,chrX,AGCGTCAGAACCGTTACGAT,-4.531729799852725,3
HCFC1,chrX,GCCTATGGGCGGCGTTCGCC,-0.06916440653721612,1
HCFC1,chrX,CTGGCACTGTCGGCAAGACC,-3.7558053060666463,2
HCFC1,chrX,TATATTCTCGAACTACGGCC,-4.227429861908167,3
RPL10,chrX,TTCAGCACTCACCACCGGGC,-2.9503695687900144,2
RPL10,chrX,GTTCAGCACTCACCACCGGG,-3.7364842680180255,2
RPL10,chrX,CAAGTTCCCTGGCCGCCAGA,-3.0141834802828833,2
FAM50A,chrX,ACTAGAGAAGCTTCGAGAGA,-2.799068061777271,1
FAM50A,chrX,TTTACCTCCCGGTCCCGGTC,-2.95147499849733,2
DKC1,chrX,CTGGATCCGACGAATACTTC,-4.026857422717104,3
DKC1,chrX,TCTCTACCCGAAGTATTCGT,-3.860525898546036,2
DKC1,chrX,CATTGAACGAGCCACTCGTT,-0.3248540109244032,1
DKC1,chrX,TTGTGATTTCACCAAACGAG,-4.467322675050312,3
CENPI,chrX,TATAACAAATGGCAAACGTA,-4.116800446302775,3
CENPI,chrX,CCGTAGTTGGGCGTAATGGA,-3.3666021878140064,2
CENPI,chrX,TTAGAGAACGGCCCGTAGTT,-0.16662605129885294,1
CENPI,chrX,TTTAGAGAACGGCCCGTAGT,-0.39820722262443614,1
RPL36A,chrX,TGAACGTGCCTAAAACCCGC,-3.2408650800666114,2
RPL36A,chrX,CAGAATGTCCGGCGGGTTTT,0.9159235623408359,1
RPL36A,chrX,ATTTCTTGCAGAATGTCCGG,-3.6133952535220732,2
SMC1A,chrX,TGTCAGCATGGTCTACTCGG,-3.9446384998306705,3
SMC1A,chrX,TTTGAAGAAATTAGTCGCTC,-0.34299466494113984,1
SMC1A,chrX,GGATGAGGTAGTACGAGCAC,-3.4961396892646164,2
